Freq,T,Amp
,,
0.000488281,2048,21111.53179
0.000976563,1024,3542.140826
0.001464844,682.6666667,2135.650031
0.001953125,512,1545.050309
0.002441406,409.6,1288.748261
0.002929688,341.3333333,3381.743961
0.003417969,292.5714286,744.1380373
0.00390625,256,230.175341
0.004394531,227.5555556,138.2530837
0.004882813,204.8,50.85943985
0.005371094,186.1818182,31.74389021
0.005859375,170.6666667,14.86013643
0.006347656,157.5384615,437.4027215
0.006835938,146.2857143,445.528621
0.007324219,136.5333333,290.1618519
0.0078125,128,81.56892447
0.008300781,120.4705882,148.6135706
0.008789063,113.7777778,85.97694312
0.009277344,107.7894737,244.0839379
0.009765625,102.4,424.3315695
0.010253906,97.52380952,79.10687839
0.010742188,93.09090909,52.77797624
0.011230469,89.04347826,3.868827429
0.01171875,85.33333333,32.82254212
0.012207031,81.92,13.27923043
0.012695313,78.76923077,113.498331
0.013183594,75.85185185,589.5043048
0.013671875,73.14285714,283.0313183
0.014160156,70.62068966,58.75352152
0.014648438,68.26666667,54.97352455
0.015136719,66.06451613,39.00481994
0.015625,64,36.95211847
0.016113281,62.06060606,140.92192
0.016601563,60.23529412,308.1695169
0.017089844,58.51428571,165.2758364
0.017578125,56.88888889,59.01198276
0.018066406,55.35135135,50.0344644
0.018554688,53.89473684,73.42082346
0.019042969,52.51282051,70.24106789
0.01953125,51.2,301.1920159
0.020019531,49.95121951,489.0359955
0.020507813,48.76190476,125.1738793
0.020996094,47.62790698,12.65500844
0.021484375,46.54545455,44.49415295
0.021972656,45.51111111,15.95660178
0.022460938,44.52173913,41.11290087
0.022949219,43.57446809,197.7039578
0.0234375,42.66666667,364.1707763
0.023925781,41.79591837,140.1294344
0.024414063,40.96,37.09843963
0.024902344,40.15686275,100.6862249
0.025390625,39.38461538,66.06589815
0.025878906,38.64150943,139.1223683
0.026367188,37.92592593,351.6329407
0.026855469,37.23636364,268.6978638
0.02734375,36.57142857,38.88932416
0.027832031,35.92982456,10.05361174
0.028320313,35.31034483,36.35423013
0.028808594,34.71186441,17.01736976
0.029296875,34.13333333,81.00157508
0.029785156,33.57377049,299.765294
0.030273438,33.03225806,267.1596108
0.030761719,32.50793651,62.90282783
0.03125,32,46.6411816
0.031738281,31.50769231,74.62013565
0.032226563,31.03030303,49.22426519
0.032714844,30.56716418,133.7001174
0.033203125,30.11764706,262.904374
0.033691406,29.68115942,105.1603393
0.034179688,29.25714286,12.8457273
0.034667969,28.84507042,16.44658601
0.03515625,28.44444444,30.94425408
0.035644531,28.05479452,25.40178651
0.036132813,27.67567568,114.7960034
0.036621094,27.30666667,282.5837697
0.037109375,26.94736842,100.418272
0.037597656,26.5974026,14.66599055
0.038085938,26.25641026,42.37218978
0.038574219,25.92405063,25.54455475
0.0390625,25.6,32.86467575
0.039550781,25.28395062,87.64004224
0.040039063,24.97560976,148.4969923
0.040527344,24.6746988,48.26848067
0.041015625,24.38095238,5.898909349
0.041503906,24.09411765,26.8276538
0.041992188,23.81395349,22.87186584
0.042480469,23.54022989,38.39260418
0.04296875,23.27272727,119.2388195
0.043457031,23.01123596,149.9552497
0.043945313,22.75555556,22.57682156
0.044433594,22.50549451,4.947838538
0.044921875,22.26086957,18.19071309
0.045410156,22.02150538,4.572591884
0.045898438,21.78723404,20.69105938
0.046386719,21.55789474,65.92985734
0.046875,21.33333333,99.73398563
0.047363281,21.11340206,24.77773806
0.047851563,20.89795918,9.685916305
0.048339844,20.68686869,29.17397888
0.048828125,20.48,13.65706548
0.049316406,20.27722772,43.69477287
0.049804688,20.07843137,83.5867912
0.050292969,19.88349515,54.53681053
0.05078125,19.69230769,3.130252283
0.051269531,19.5047619,3.996643636
0.051757813,19.32075472,8.588917655
0.052246094,19.14018692,2.424636209
0.052734375,18.96296296,23.08049609
0.053222656,18.78899083,63.05933702
0.053710938,18.61818182,54.19952362
0.054199219,18.45045045,7.978006583
0.0546875,18.28571429,15.84810947
0.055175781,18.12389381,15.99284003
0.055664063,17.96491228,10.81521652
0.056152344,17.80869565,31.45678593
0.056640625,17.65517241,36.76794759
0.057128906,17.5042735,13.78485427
0.057617188,17.3559322,0.21075943
0.058105469,17.21008403,4.675153092
0.05859375,17.06666667,6.17843438
0.059082031,16.92561983,5.200108222
0.059570313,16.78688525,26.8673678
0.060058594,16.6504065,41.14146459
0.060546875,16.51612903,10.05614008
0.061035156,16.384,4.246563973
0.061523438,16.25396825,9.724615026
0.062011719,16.12598425,2.48543552
0.0625,16,8.438457229
0.062988281,15.87596899,10.89339775
0.063476563,15.75384615,10.13019666
0.063964844,15.63358779,3.154543829
0.064453125,15.51515152,0.448184678
0.064941406,15.39849624,3.866282754
0.065429688,15.28358209,1.271943983
0.065917969,15.17037037,8.344688659
0.06640625,15.05882353,12.98104999
0.066894531,14.94890511,8.46126737
0.067382813,14.84057971,0.331937418
0.067871094,14.73381295,3.289244679
0.068359375,14.62857143,0.946667441
0.068847656,14.5248227,1.603534741
0.069335938,14.42253521,2.842395249
0.069824219,14.32167832,1.444441389
0.0703125,14.22222222,3.7566259
0.070800781,14.12413793,0.689026948
0.071289063,14.02739726,0.855504322
0.071777344,13.93197279,1.082255208
0.072265625,13.83783784,1.00616336
0.072753906,13.74496644,6.010839444
0.073242188,13.65333333,0.431935035
0.073730469,13.56291391,0.309902879
0.07421875,13.47368421,3.270662901
0.074707031,13.38562092,0.49074907
0.075195313,13.2987013,1.170364268
0.075683594,13.21290323,1.08555072
0.076171875,13.12820513,1.511965044
0.076660156,13.04458599,2.034280954
0.077148438,12.96202532,2.582519664
0.077636719,12.88050314,0.14990591
0.078125,12.8,0.350414177
0.078613281,12.72049689,0.033722523
0.079101563,12.64197531,1.586769802
0.079589844,12.56441718,0.761165581
0.080078125,12.48780488,1.466873785
0.080566406,12.41212121,4.082150806
0.081054688,12.3373494,1.010224319
0.081542969,12.26347305,1.435191305
0.08203125,12.19047619,1.694272102
0.082519531,12.1183432,0.137461913
0.083007813,12.04705882,5.5705585
0.083496094,11.97660819,1.47308949
0.083984375,11.90697674,0.572683091
0.084472656,11.83815029,0.48499928
0.084960938,11.77011494,0.047439173
0.085449219,11.70285714,0.903170307
0.0859375,11.63636364,0.253783264
0.086425781,11.57062147,4.302494454
0.086914063,11.50561798,4.41387158
0.087402344,11.44134078,2.974721331
0.087890625,11.37777778,0.57614903
0.088378906,11.31491713,1.866779479
0.088867188,11.25274725,0.299392644
0.089355469,11.19125683,1.597930577
0.08984375,11.13043478,4.60418336
0.090332031,11.07027027,1.041265057
0.090820313,11.01075269,1.647937779
0.091308594,10.95187166,0.026832605
0.091796875,10.89361702,1.401839695
0.092285156,10.83597884,1.133952875
0.092773438,10.77894737,0.80542608
0.093261719,10.72251309,10.79425187
0.09375,10.66666667,2.935576064
0.094238281,10.61139896,0.452201866
0.094726563,10.55670103,1.220157718
0.095214844,10.5025641,0.665643566
0.095703125,10.44897959,0.014344334
0.096191406,10.39593909,1.635702834
0.096679688,10.34343434,6.166979217
0.097167969,10.29145729,2.821834956
0.09765625,10.24,1.459782486
0.098144531,10.18905473,2.031676467
0.098632813,10.13861386,3.491996933
0.099121094,10.08866995,1.188588302
0.099609375,10.03921569,6.169362869
0.100097656,9.990243902,8.249041083
0.100585938,9.941747573,1.378945371
0.101074219,9.893719807,0.064759036
0.1015625,9.846153846,0.997021823
0.102050781,9.799043062,0.881246781
0.102539063,9.752380952,0.18542146
0.103027344,9.706161137,4.484376177
0.103515625,9.660377358,7.704955683
0.104003906,9.615023474,3.807802751
0.104492188,9.570093458,1.836721329
0.104980469,9.525581395,4.794132299
0.10546875,9.481481481,2.680541834
0.105957031,9.437788018,2.03020577
0.106445313,9.394495413,9.849732956
0.106933594,9.351598174,2.846406954
0.107421875,9.309090909,0.87672131
0.107910156,9.266968326,0.509889684
0.108398438,9.225225225,1.952813314
0.108886719,9.183856502,1.324409372
0.109375,9.142857143,1.698933699
0.109863281,9.102222222,10.45392915
0.110351563,9.061946903,5.799840164
0.110839844,9.022026432,3.404633655
0.111328125,8.98245614,3.479773216
0.111816406,8.943231441,4.05525887
0.112304688,8.904347826,2.226589098
0.112792969,8.865800866,2.396202232
0.11328125,8.827586207,5.373021268
0.113769531,8.789699571,1.324465114
0.114257813,8.752136752,0.830950885
0.114746094,8.714893617,1.386224843
0.115234375,8.677966102,2.557407049
0.115722656,8.641350211,2.294473152
0.116210938,8.605042017,2.970763094
0.116699219,8.569037657,7.390504722
0.1171875,8.533333333,3.210459214
0.117675781,8.497925311,2.175523869
0.118164063,8.462809917,2.797007294
0.118652344,8.427983539,1.864119015
0.119140625,8.393442623,1.100117037
0.119628906,8.359183673,0.937408242
0.120117188,8.325203252,2.088376268
0.120605469,8.291497976,0.735902356
0.12109375,8.258064516,0.896792236
0.121582031,8.224899598,1.702336114
0.122070313,8.192,2.194955124
0.122558594,8.15936255,2.262434468
0.123046875,8.126984127,2.935913314
0.123535156,8.09486166,2.716370613
0.124023438,8.062992126,1.185728017
0.124511719,8.031372549,0.808739194
0.125,8,0.816323346
0.125488281,7.968871595,0.263858327
0.125976563,7.937984496,0.389964463
0.126464844,7.907335907,1.880080403
0.126953125,7.876923077,2.186799084
0.127441406,7.846743295,1.425690744
0.127929688,7.816793893,1.322061878
0.128417969,7.787072243,1.536170943
0.12890625,7.757575758,0.87781957
0.129394531,7.728301887,0.866832578
0.129882813,7.69924812,1.633921057
0.130371094,7.670411985,0.283996225
0.130859375,7.641791045,0.39813705
0.131347656,7.6133829,0.102672722
0.131835938,7.585185185,0.145217229
0.132324219,7.557195572,0.081316517
0.1328125,7.529411765,0.32843765
0.133300781,7.501831502,1.940682271
0.133789063,7.474452555,0.868932218
0.134277344,7.447272727,1.776706516
0.134765625,7.420289855,1.092787455
0.135253906,7.393501805,0.983047728
0.135742188,7.366906475,0.748068973
0.136230469,7.340501792,0.23944176
0.13671875,7.314285714,0.410008655
0.137207031,7.288256228,0.418164373
0.137695313,7.262411348,0.290896854
0.138183594,7.236749117,0.142995553
0.138671875,7.211267606,0.316550883
0.139160156,7.185964912,0.465779886
0.139648438,7.160839161,0.166914234
0.140136719,7.135888502,1.556290551
0.140625,7.111111111,2.165297705
0.141113281,7.08650519,1.815020754
0.141601563,7.062068966,0.966210177
0.142089844,7.037800687,0.691595852
0.142578125,7.01369863,1.01175828
0.143066406,6.989761092,2.769779765
0.143554688,6.965986395,1.780751713
0.144042969,6.942372881,1.221160722
0.14453125,6.918918919,0.841765167
0.145019531,6.895622896,0.543597427
0.145507813,6.872483221,0.542664162
0.145996094,6.849498328,1.222959807
0.146484375,6.826666667,3.958591081
0.146972656,6.803986711,3.261962132
0.147460938,6.781456954,3.090506801
0.147949219,6.759075908,1.210035001
0.1484375,6.736842105,0.776389207
0.148925781,6.714754098,0.806697254
0.149414063,6.692810458,0.463811868
0.149902344,6.671009772,1.94820325
0.150390625,6.649350649,0.572458149
0.150878906,6.627831715,1.375171504
0.151367188,6.606451613,0.841374496
0.151855469,6.585209003,0.844862209
0.15234375,6.564102564,1.698331708
0.152832031,6.54313099,1.778446756
0.153320313,6.522292994,4.607311324
0.153808594,6.501587302,2.472131392
0.154296875,6.481012658,1.438389955
0.154785156,6.460567823,0.230490452
0.155273438,6.440251572,0.502758612
0.155761719,6.420062696,0.694604339
0.15625,6.4,0.283010763
0.156738281,6.380062305,0.774173071
0.157226563,6.360248447,1.274950872
0.157714844,6.340557276,1.279926448
0.158203125,6.320987654,0.390901985
0.158691406,6.301538462,1.051810102
0.159179688,6.282208589,1.824270177
0.159667969,6.262996942,2.009273289
0.16015625,6.243902439,0.641900288
0.160644531,6.224924012,0.417236846
0.161132813,6.206060606,0.099863215
0.161621094,6.187311178,0.0318631
0.162109375,6.168674699,0.284943553
0.162597656,6.15015015,0.675763321
0.163085938,6.131736527,0.933879994
0.163574219,6.113432836,1.537728434
0.1640625,6.095238095,1.070357747
0.164550781,6.077151335,0.35454301
0.165039063,6.059171598,0.311496082
0.165527344,6.041297935,0.558752787
0.166015625,6.023529412,0.133766983
0.166503906,6.005865103,1.115915452
0.166992188,5.988304094,0.680925876
0.167480469,5.970845481,0.120932969
0.16796875,5.953488372,0.286973951
0.168457031,5.936231884,0.213348808
0.168945313,5.919075145,0.715281624
0.169433594,5.902017291,1.243823366
0.169921875,5.885057471,0.949730712
0.170410156,5.868194842,0.209085087
0.170898438,5.851428571,0.186095192
0.171386719,5.834757835,0.046698616
0.171875,5.818181818,0.046235559
0.172363281,5.801699717,0.170873129
0.172851563,5.785310734,1.158200256
0.173339844,5.769014085,10.79275262
0.173828125,5.752808989,0.505306684
0.174316406,5.736694678,0.206606676
0.174804688,5.720670391,0.884158149
0.175292969,5.704735376,0.648104286
0.17578125,5.688888889,1.688901197
0.176269531,5.673130194,3.113135102
0.176757813,5.657458564,3.101002333
0.177246094,5.641873278,0.037703137
0.177734375,5.626373626,0.030843935
0.178222656,5.610958904,0.13542017
0.178710938,5.595628415,0.131615353
0.179199219,5.580381471,1.137679129
0.1796875,5.565217391,5.494878985
0.180175781,5.550135501,8.66531975
0.180664063,5.535135135,1.036113172
0.181152344,5.520215633,0.273343189
0.181640625,5.505376344,1.150653629
0.182128906,5.490616622,0.866356642
0.182617188,5.475935829,1.186014573
0.183105469,5.461333333,2.534998647
0.18359375,5.446808511,1.280569518
0.184082031,5.432360743,0.264071119
0.184570313,5.417989418,0.025036117
0.185058594,5.403693931,0.175383235
0.185546875,5.389473684,0.242869107
0.186035156,5.375328084,0.693320054
0.186523438,5.361256545,2.772459708
0.187011719,5.347258486,0.608143112
0.1875,5.333333333,0.053861706
0.187988281,5.319480519,0.149405692
0.188476563,5.305699482,0.065825275
0.188964844,5.291989664,0.111977236
0.189453125,5.278350515,0.299998814
0.189941406,5.264781491,4.484774301
0.190429688,5.251282051,2.433997916
0.190917969,5.237851662,1.007501652
0.19140625,5.224489796,0.24581176
0.191894531,5.211195929,0.603338238
0.192382813,5.197969543,0.762211603
0.192871094,5.184810127,1.254432165
0.193359375,5.171717172,0.170889091
0.193847656,5.158690176,0.335737467
0.194335938,5.145728643,0.171989061
0.194824219,5.13283208,0.00858422
0.1953125,5.12,0.356937736
0.195800781,5.10723192,0.613868657
0.196289063,5.094527363,3.340649144
0.196777344,5.081885856,7.811959263
0.197265625,5.069306931,3.17322204
0.197753906,5.056790123,0.588945632
0.198242188,5.044334975,1.521379738
0.198730469,5.031941032,1.113625647
0.19921875,5.019607843,1.719815318
0.199707031,5.007334963,6.216670433
0.200195313,4.995121951,5.414337008
0.200683594,4.98296837,1.794769864
0.201171875,4.970873786,0.202364769
0.201660156,4.958837772,0.978170877
0.202148438,4.946859903,0.946920071
0.202636719,4.934939759,1.776268296
0.203125,4.923076923,12.23692302
0.203613281,4.911270983,7.198953843
0.204101563,4.899521531,1.724465327
0.204589844,4.887828162,0.549132228
0.205078125,4.876190476,1.607511818
0.205566406,4.864608076,0.336725435
0.206054688,4.853080569,0.913972625
0.206542969,4.841607565,7.21980255
0.20703125,4.830188679,3.881249796
0.207519531,4.818823529,1.520153709
0.208007813,4.807511737,0.466025524
0.208496094,4.796252927,2.057414758
0.208984375,4.785046729,1.054844005
0.209472656,4.773892774,3.334827259
0.209960938,4.762790698,21.62026627
0.210449219,4.751740139,3.773793745
0.2109375,4.740740741,0.358628992
0.211425781,4.729792148,0.614820486
0.211914063,4.718894009,0.67096861
0.212402344,4.708045977,0.158738868
0.212890625,4.697247706,1.229604748
0.213378906,4.686498856,5.526508273
0.213867188,4.675799087,3.11791409
0.214355469,4.665148064,0.465241645
0.21484375,4.654545455,0.951146047
0.215332031,4.64399093,1.042862339
0.215820313,4.633484163,0.855140245
0.216308594,4.623024831,3.775405369
0.216796875,4.612612613,4.170173044
0.217285156,4.602247191,1.096442223
0.217773438,4.591928251,0.08076895
0.218261719,4.581655481,0.17919137
0.21875,4.571428571,0.72497147
0.219238281,4.561247216,0.488071742
0.219726563,4.551111111,8.926358251
0.220214844,4.541019956,6.199602225
0.220703125,4.530973451,3.065755437
0.221191406,4.520971302,0.4530067
0.221679688,4.511013216,1.998029818
0.222167969,4.501098901,0.602784865
0.22265625,4.49122807,1.531989146
0.223144531,4.481400438,7.619606709
0.223632813,4.471615721,7.381197686
0.224121094,4.461873638,1.054372585
0.224609375,4.452173913,0.201372111
0.225097656,4.442516269,0.481490223
0.225585938,4.432900433,0.233428624
0.226074219,4.423326134,0.540308645
0.2265625,4.413793103,5.755986362
0.227050781,4.404301075,0.515809296
0.227539063,4.394849785,0.299525464
0.228027344,4.385438972,0.578484255
0.228515625,4.376068376,0.892449804
0.229003906,4.36673774,0.157435661
0.229492188,4.357446809,1.218099575
0.229980469,4.348195329,2.901324792
0.23046875,4.338983051,1.925295696
0.230957031,4.329809725,0.415568185
0.231445313,4.320675105,1.15671832
0.231933594,4.311578947,1.204662988
0.232421875,4.302521008,0.796542341
0.232910156,4.293501048,4.614437795
0.233398438,4.284518828,8.281928165
0.233886719,4.275574113,1.698608858
0.234375,4.266666667,0.1547411
0.234863281,4.257796258,1.136465669
0.235351563,4.248962656,0.835797847
0.235839844,4.240165631,0.673364604
0.236328125,4.231404959,3.015928368
0.236816406,4.222680412,3.267973439
0.237304688,4.21399177,1.176324973
0.237792969,4.205338809,0.269169615
0.23828125,4.196721311,0.743905574
0.238769531,4.188139059,0.326076635
0.239257813,4.179591837,0.961581879
0.239746094,4.17107943,10.15298061
0.240234375,4.162601626,5.768704909
0.240722656,4.154158215,2.257892894
0.241210938,4.145748988,0.420982522
0.241699219,4.137373737,2.282472186
0.2421875,4.129032258,1.164582179
0.242675781,4.120724346,2.995045466
0.243164063,4.112449799,15.69231198
0.243652344,4.104208417,10.35823511
0.244140625,4.096,1.815861923
0.244628906,4.087824351,0.734859867
0.245117188,4.079681275,0.914856842
0.245605469,4.071570577,0.26297335
0.24609375,4.063492063,0.93913363
0.246582031,4.055445545,3.256703136
0.247070313,4.04743083,3.208487242
0.247558594,4.039447732,1.078299166
0.248046875,4.031496063,1.06070264
0.248535156,4.023575639,1.795353516
0.249023438,4.015686275,0.967652919
0.249511719,4.007827789,2.563133338
0.25,4,6.164320543
0.250488281,3.992202729,2.596686515
0.250976563,3.984435798,0.227025979
0.251464844,3.976699029,0.778730633
0.251953125,3.968992248,0.799325299
0.252441406,3.96131528,0.492310633
0.252929688,3.953667954,2.694210587
0.253417969,3.946050096,3.246523849
0.25390625,3.938461538,2.387607525
0.254394531,3.930902111,0.453026079
0.254882813,3.923371648,2.093686982
0.255371094,3.915869981,1.658577954
0.255859375,3.908396947,1.754051721
0.256347656,3.900952381,10.31945419
0.256835938,3.893536122,7.74314798
0.257324219,3.886148008,2.17532874
0.2578125,3.878787879,0.163965133
0.258300781,3.871455577,3.092014717
0.258789063,3.864150943,2.83292859
0.259277344,3.856873823,4.699507179
0.259765625,3.84962406,31.67127316
0.260253906,3.842401501,19.80327348
0.260742188,3.835205993,3.694944322
0.261230469,3.828037383,1.414254835
0.26171875,3.820895522,3.548755756
0.262207031,3.813780261,1.187051176
0.262695313,3.80669145,2.685747125
0.263183594,3.799628942,12.20218101
0.263671875,3.792592593,3.43999621
0.264160156,3.785582255,0.801810387
0.264648438,3.778597786,0.842679736
0.265136719,3.771639042,2.196769329
0.265625,3.764705882,1.060560179
0.266113281,3.757798165,3.236790288
0.266601563,3.750915751,23.72257465
0.267089844,3.744058501,2.874506567
0.267578125,3.737226277,0.381583444
0.268066406,3.730418944,1.30038685
0.268554688,3.723636364,1.515144788
0.269042969,3.716878403,0.684140825
0.26953125,3.710144928,2.852201301
0.270019531,3.703435805,14.13800339
0.270507813,3.696750903,3.040899246
0.270996094,3.69009009,0.541084771
0.271484375,3.683453237,1.577764197
0.271972656,3.676840215,1.629990529
0.272460938,3.670250896,1.240428161
0.272949219,3.663685152,3.833352941
0.2734375,3.657142857,5.833502997
0.273925781,3.650623886,1.257908419
0.274414063,3.644128114,0.085196618
0.274902344,3.637655417,0.795858032
0.275390625,3.631205674,1.123608103
0.275878906,3.624778761,1.469970685
0.276367188,3.618374558,6.010093005
0.276855469,3.611992945,8.103257584
0.27734375,3.605633803,2.05217124
0.277832031,3.599297012,0.292658518
0.278320313,3.592982456,1.515486205
0.278808594,3.586690018,1.168068779
0.279296875,3.58041958,1.451239103
0.279785156,3.57417103,7.933120213
0.280273438,3.567944251,4.957543039
0.280761719,3.56173913,1.534194097
0.28125,3.555555556,0.229577709
0.281738281,3.549393414,1.59807115
0.282226563,3.543252595,1.772159293
0.282714844,3.537132988,2.441008021
0.283203125,3.531034483,14.66108997
0.283691406,3.524956971,4.377588105
0.284179688,3.518900344,1.014887057
0.284667969,3.512864494,0.537738372
0.28515625,3.506849315,0.881380389
0.285644531,3.500854701,0.607088376
0.286132813,3.494880546,0.738464239
0.286621094,3.488926746,6.97526141
0.287109375,3.482993197,1.711821463
0.287597656,3.477079796,0.574266591
0.288085938,3.471186441,0.64847307
0.288574219,3.465313029,0.961386073
0.2890625,3.459459459,1.138436857
0.289550781,3.453625632,0.820875577
0.290039063,3.447811448,1.629130426
0.290527344,3.442016807,0.181376079
0.291015625,3.436241611,0.042268599
0.291503906,3.430485762,0.095725291
0.291992188,3.424749164,0.051950243
0.292480469,3.41903172,0.767379335
0.29296875,3.413333333,2.121461667
0.293457031,3.40765391,6.503504517
0.293945313,3.401993355,0.831539406
0.294433594,3.396351575,0.33948099
0.294921875,3.390728477,0.512568302
0.295410156,3.385123967,0.300673429
0.295898438,3.379537954,1.223970566
0.296386719,3.373970346,1.100949248
0.296875,3.368421053,1.543369903
0.297363281,3.362889984,0.217244849
0.297851563,3.357377049,0.199053689
0.298339844,3.35188216,0.254229143
0.298828125,3.346405229,0.154115568
0.299316406,3.340946166,2.037025284
0.299804688,3.335504886,2.126510685
0.300292969,3.330081301,3.589717144
0.30078125,3.324675325,0.624729656
0.301269531,3.319286872,0.262414474
0.301757813,3.313915858,0.010143243
0.302246094,3.308562197,0.463523286
0.302734375,3.303225806,0.722294448
0.303222656,3.297906602,0.276426205
0.303710938,3.292604502,0.366764725
0.304199219,3.287319422,0.124122728
0.3046875,3.282051282,0.543913801
0.305175781,3.2768,0.218869027
0.305664063,3.271565495,0.606776625
0.306152344,3.266347687,3.40234939
0.306640625,3.261146497,2.422133631
0.307128906,3.255961844,0.800267519
0.307617188,3.250793651,0.285154865
0.308105469,3.245641838,0.187311645
0.30859375,3.240506329,0.026627128
0.309082031,3.235387046,0.762071157
0.309570313,3.230283912,2.057909125
0.310058594,3.22519685,2.810039157
0.310546875,3.220125786,1.144174763
0.311035156,3.215070644,0.871392641
0.311523438,3.210031348,0.491512346
0.312011719,3.205007825,0.295932186
0.3125,3.2,1.808960745
0.312988281,3.1950078,0.822444035
0.313476563,3.190031153,2.09010716
0.313964844,3.185069984,0.021266598
0.314453125,3.180124224,0.136608518
0.314941406,3.175193798,0.084607493
0.315429688,3.170278638,0.482187222
0.315917969,3.165378671,0.701790237
0.31640625,3.160493827,4.375588201
0.316894531,3.155624037,0.231482809
0.317382813,3.150769231,0.017841841
0.317871094,3.145929339,0.396436964
0.318359375,3.141104294,0.121890715
0.318847656,3.136294028,0.629445012
0.319335938,3.131498471,2.356113638
0.319824219,3.126717557,2.573302203
0.3203125,3.12195122,1.085970414
0.320800781,3.117199391,0.244086348
0.321289063,3.112462006,0.366830214
0.321777344,3.107738998,0.379654572
0.322265625,3.103030303,0.790799997
0.322753906,3.098335855,5.251797936
0.323242188,3.093655589,7.794439448
0.323730469,3.088989442,3.70021713
0.32421875,3.084337349,0.595095879
0.324707031,3.079699248,0.101012152
0.325195313,3.075075075,0.417424799
0.325683594,3.070464768,1.370824559
0.326171875,3.065868263,1.292527158
0.326660156,3.061285501,4.411664828
0.327148438,3.056716418,0.252448213
0.327636719,3.052160954,0.118302005
0.328125,3.047619048,0.490423773
0.328613281,3.043090639,0.164006911
0.329101563,3.038575668,1.553051114
0.329589844,3.034074074,9.13665372
0.330078125,3.029585799,13.19361355
0.330566406,3.025110783,1.976833029
0.331054688,3.020648968,0.495260044
0.331542969,3.016200295,0.319671155
0.33203125,3.011764706,0.266563208
0.332519531,3.007342144,2.209143687
0.333007813,3.002932551,3.567966037
0.333496094,2.998535871,2.22289595
0.333984375,2.994152047,1.341494455
0.334472656,2.989781022,0.610973868
0.334960938,2.985422741,0.276220163
0.335449219,2.981077147,1.44173076
0.3359375,2.976744186,2.841245283
0.336425781,2.972423803,0.751464275
0.336914063,2.968115942,3.568854117
0.337402344,2.96382055,0.528014963
0.337890625,2.959537572,0.116424511
0.338378906,2.955266955,0.03085949
0.338867188,2.951008646,1.002377656
0.339355469,2.94676259,1.731216557
0.33984375,2.942528736,5.437159116
0.340332031,2.93830703,0.214365525
0.340820313,2.934097421,0.33934535
0.341308594,2.929899857,0.044208563
0.341796875,2.925714286,0.396409339
0.342285156,2.921540656,2.05453255
0.342773438,2.917378917,3.198158523
0.343261719,2.913229018,14.24438008
0.34375,2.909090909,5.768523929
0.344238281,2.904964539,1.750782722
0.344726563,2.900849858,0.270426761
0.345214844,2.896746818,1.148380032
0.345703125,2.892655367,1.86386749
0.346191406,2.888575458,1.585384284
0.346679688,2.884507042,1.481235375
0.347167969,2.88045007,0.812326545
0.34765625,2.876404494,0.158541696
0.348144531,2.872370266,0.180166368
0.348632813,2.868347339,0.482212608
0.349121094,2.864335664,1.373881829
0.349609375,2.860335196,2.230683358
0.350097656,2.856345886,8.642912049
0.350585938,2.852367688,1.916905674
0.351074219,2.848400556,0.283602488
0.3515625,2.844444444,0.518328172
0.352050781,2.840499307,0.86151839
0.352539063,2.836565097,1.195997884
0.353027344,2.83264177,1.804766997
0.353515625,2.828729282,1.468965012
0.354003906,2.824827586,0.146588896
0.354492188,2.820936639,0.038364984
0.354980469,2.817056396,0.010481687
0.35546875,2.813186813,0.002317335
0.355957031,2.809327846,0.243831994
0.356445313,2.805479452,2.491380203
0.356933594,2.801641587,0.567916289
0.357421875,2.797814208,0.095209261
0.357910156,2.793997271,0.039124907
0.358398438,2.790190736,0.095416586
0.358886719,2.786394558,0.009346119
0.359375,2.782608696,0.47963771
0.359863281,2.778833107,10.39891903
0.360351563,2.775067751,2.010156155
0.360839844,2.771312585,0.553274907
0.361328125,2.767567568,0.331117708
0.361816406,2.763832659,0.248171855
0.362304688,2.760107817,0.167531782
0.362792969,2.756393001,0.575365016
0.36328125,2.752688172,1.513604677
0.363769531,2.748993289,0.096919632
0.364257813,2.745308311,0.095590435
0.364746094,2.741633199,0.018717633
0.365234375,2.737967914,0.012741554
0.365722656,2.734312417,0.227081707
0.366210938,2.730666667,0.212461123
0.366699219,2.727030626,0.300461153
0.3671875,2.723404255,0.161902841
0.367675781,2.719787517,0.353201223
0.368164063,2.716180371,0.073794808
0.368652344,2.712582781,0.045518325
0.369140625,2.708994709,0.616757544
0.369628906,2.705416116,0.40591776
0.370117188,2.701846966,0.655530407
0.370605469,2.69828722,0.49199565
0.37109375,2.694736842,0.180452866
0.371582031,2.691195795,0.097458148
0.372070313,2.687664042,0.457502972
0.372558594,2.684141547,0.481674841
0.373046875,2.680628272,0.535593932
0.373535156,2.677124183,2.754425254
0.374023438,2.673629243,1.112496246
0.374511719,2.670143416,0.27127712
0.375,2.666666667,0.425751913
0.375488281,2.66319896,1.327490942
0.375976563,2.65974026,0.999571272
0.376464844,2.656290532,3.431728028
0.376953125,2.652849741,3.255778183
0.377441406,2.649417853,0.665918363
0.377929688,2.645994832,0.042879823
0.378417969,2.642580645,0.385147755
0.37890625,2.639175258,0.408469217
0.379394531,2.635778636,0.223316386
0.379882813,2.632390746,1.793785264
0.380371094,2.629011553,0.72325374
0.380859375,2.625641026,0.518841386
0.381347656,2.622279129,0.039976453
0.381835938,2.618925831,0.73881892
0.382324219,2.615581098,0.683454022
0.3828125,2.612244898,0.19634989
0.383300781,2.608917197,8.479109647
0.383789063,2.605597964,0.85310197
0.384277344,2.602287166,0.490840206
0.384765625,2.598984772,0.071886622
0.385253906,2.595690748,0.784915668
0.385742188,2.592405063,0.851034951
0.386230469,2.589127686,1.059486807
0.38671875,2.585858586,24.40623679
0.387207031,2.58259773,2.262280324
0.387695313,2.579345088,0.472486114
0.388183594,2.576100629,0.797552653
0.388671875,2.572864322,1.614834153
0.389160156,2.569636136,0.596224536
0.389648438,2.56641604,2.957102307
0.390136719,2.563204005,7.263873265
0.390625,2.56,0.522212762
0.391113281,2.556803995,0.045818101
0.391601563,2.55361596,0.09578685
0.392089844,2.550435866,0.139248274
0.392578125,2.547263682,0.162476669
0.393066406,2.544099379,0.180078666
0.393554688,2.540942928,0.203638955
0.394042969,2.5377943,0.009163566
0.39453125,2.534653465,0.051086696
0.395019531,2.531520396,0.027076455
0.395507813,2.528395062,0.225887224
0.395996094,2.525277435,0.521509456
0.396484375,2.522167488,2.061377138
0.396972656,2.519065191,1.271918329
0.397460938,2.515970516,0.758157346
0.397949219,2.512883436,0.202109607
0.3984375,2.509803922,0.320692559
0.398925781,2.506731946,0.926854416
0.399414063,2.503667482,0.632262995
0.399902344,2.500610501,5.615953993
0.400390625,2.497560976,1.983928887
0.400878906,2.494518879,0.910955375
0.401367188,2.491484185,0.05185117
0.401855469,2.488456865,0.407243925
0.40234375,2.485436893,0.304350555
0.402832031,2.482424242,0.123286304
0.403320313,2.479418886,5.375592952
0.403808594,2.476420798,1.302719367
0.404296875,2.473429952,0.691150396
0.404785156,2.470446321,0.006576013
0.405273438,2.46746988,0.3041611
0.405761719,2.464500602,0.575271146
0.40625,2.461538462,1.26343149
0.406738281,2.458583433,2.645277818
0.407226563,2.455635492,0.349442747
0.407714844,2.452694611,0.650756785
0.408203125,2.449760766,0.452029924
0.408691406,2.446833931,1.137777555
0.409179688,2.443914081,2.045779951
0.409667969,2.441001192,0.947775474
0.41015625,2.438095238,4.934253819
0.410644531,2.435196195,1.014267321
0.411132813,2.432304038,0.27985861
0.411621094,2.429418743,0.240670544
0.412109375,2.426540284,1.166229354
0.412597656,2.423668639,1.277398087
0.413085938,2.420803783,0.42132898
0.413574219,2.417945691,1.544568926
0.4140625,2.41509434,0.841296227
0.414550781,2.412249706,0.355503002
0.415039063,2.409411765,0.365231567
0.415527344,2.406580494,1.505362796
0.416015625,2.403755869,1.939331374
0.416503906,2.400937866,4.710394604
0.416992188,2.398126464,1.116519373
0.417480469,2.395321637,0.40442548
0.41796875,2.392523364,0.12567339
0.418457031,2.389731622,0.947818468
0.418945313,2.386946387,2.568915562
0.419433594,2.384167637,3.452348426
0.419921875,2.381395349,27.53547901
0.420410156,2.378629501,5.32073954
0.420898438,2.37587007,1.842741581
0.421386719,2.373117034,1.162241042
0.421875,2.37037037,2.671429033
0.422363281,2.367630058,2.800383949
0.422851563,2.364896074,1.138318404
0.423339844,2.362168397,16.69553933
0.423828125,2.359447005,2.395077555
0.424316406,2.356731876,0.744027109
0.424804688,2.354022989,1.420551668
0.425292969,2.351320321,3.29498612
0.42578125,2.348623853,3.948353916
0.426269531,2.345933562,3.529420733
0.426757813,2.343249428,25.04547187
0.427246094,2.340571429,2.242806549
0.427734375,2.337899543,0.227260677
0.428222656,2.335233751,2.253400181
0.428710938,2.332574032,3.143057009
0.429199219,2.329920364,2.497835121
0.4296875,2.327272727,4.353844903
0.430175781,2.324631101,11.62993246
0.430664063,2.321995465,1.367951951
0.431152344,2.319365798,0.173607448
0.431640625,2.316742081,1.767655539
0.432128906,2.314124294,2.068131925
0.432617188,2.311512415,1.621465531
0.433105469,2.308906426,5.985634401
0.43359375,2.306306306,4.363286819
0.434082031,2.303712036,0.386006809
0.434570313,2.301123596,0.139565838
0.435058594,2.298540965,0.753699461
0.435546875,2.295964126,0.7764981
0.436035156,2.293393057,0.732312159
0.436523438,2.29082774,3.801399024
0.437011719,2.288268156,1.855257896
0.4375,2.285714286,0.562292734
0.437988281,2.283166109,0.250345775
0.438476563,2.280623608,0.772385298
0.438964844,2.278086763,1.110980486
0.439453125,2.275555556,0.908617785
0.439941406,2.273029967,10.77964114
0.440429688,2.270509978,2.126642763
0.440917969,2.26799557,0.898728692
0.44140625,2.265486726,0.296982321
0.441894531,2.262983425,1.165308369
0.442382813,2.260485651,1.479005112
0.442871094,2.257993385,0.322867059
0.443359375,2.255506608,19.25592684
0.443847656,2.253025303,2.941099153
0.444335938,2.250549451,1.171071959
0.444824219,2.248079034,0.537102053
0.4453125,2.245614035,2.316766919
0.445800781,2.243154436,1.884039309
0.446289063,2.240700219,0.946084232
0.446777344,2.238251366,13.71091537
0.447265625,2.23580786,2.005058487
0.447753906,2.233369684,0.93574674
0.448242188,2.230936819,0.586999156
0.448730469,2.228509249,3.629235029
0.44921875,2.226086957,3.514339093
0.449707031,2.223669924,6.566779858
0.450195313,2.221258134,23.23541093
0.450683594,2.218851571,3.795854205
0.451171875,2.216450216,0.208322873
0.451660156,2.214054054,1.46387216
0.452148438,2.211663067,3.867149144
0.452636719,2.209277238,2.186526226
0.453125,2.206896552,9.601091856
0.453613281,2.20452099,10.62884337
0.454101563,2.202150538,2.963390017
0.454589844,2.199785177,0.1471092
0.455078125,2.197424893,1.40319551
0.455566406,2.195069668,4.198824774
0.456054688,2.192719486,2.713574033
0.456542969,2.190374332,19.20161369
0.45703125,2.188034188,7.76352062
0.457519531,2.185699039,3.062956549
0.458007813,2.18336887,0.370333776
0.458496094,2.181043663,2.71677652
0.458984375,2.178723404,2.54215724
0.459472656,2.176408077,0.260097128
0.459960938,2.174097665,24.1073222
0.460449219,2.171792153,4.327160697
0.4609375,2.169491525,1.930846825
0.461425781,2.167195767,0.505229966
0.461914063,2.164904863,3.590569843
0.462402344,2.162618796,2.212049656
0.462890625,2.160337553,0.303543359
0.463378906,2.158061117,12.7786008
0.463867188,2.155789474,1.080580322
0.464355469,2.153522608,1.221140242
0.46484375,2.151260504,0.295095728
0.465332031,2.149003148,2.567453378
0.465820313,2.146750524,1.89270099
0.466308594,2.144502618,0.782773127
0.466796875,2.142259414,6.484544655
0.467285156,2.140020899,0.438576293
0.467773438,2.137787056,0.33355872
0.468261719,2.135557873,0.222677466
0.46875,2.133333333,1.345124883
0.469238281,2.131113424,1.352765678
0.469726563,2.128898129,2.597555838
0.470214844,2.126687435,7.681064844
0.470703125,2.124481328,1.117675776
0.471191406,2.122279793,0.558296601
0.471679688,2.120082816,0.127401226
0.472167969,2.117890383,1.869540457
0.47265625,2.115702479,1.987948557
0.473144531,2.113519092,4.794341143
0.473632813,2.111340206,4.475266106
0.474121094,2.109165808,1.161008533
0.474609375,2.106995885,0.263791107
0.475097656,2.104830421,0.589428379
0.475585938,2.102669405,0.891103557
0.476074219,2.100512821,0.739965103
0.4765625,2.098360656,5.858768185
0.477050781,2.096212897,2.965527646
0.477539063,2.09406953,1.65916775
0.478027344,2.091930541,0.004250432
0.478515625,2.089795918,0.716839483
0.479003906,2.087665647,1.261059161
0.479492188,2.085539715,0.605845742
0.479980469,2.083418108,2.646725539
0.48046875,2.081300813,0.936408301
0.480957031,2.079187817,1.334896366
0.481445313,2.077079108,0.059691457
0.481933594,2.074974671,0.53398595
0.482421875,2.072874494,1.316377574
0.482910156,2.070778564,0.333079201
0.483398438,2.068686869,5.348749143
0.483886719,2.066599395,1.256692635
0.484375,2.064516129,1.198543311
0.484863281,2.062437059,0.014736208
0.485351563,2.060362173,1.333739038
0.485839844,2.058291457,2.106021912
0.486328125,2.0562249,0.066655914
0.486816406,2.054162487,6.184182687
0.487304688,2.052104208,1.530076293
0.487792969,2.05005005,1.528508938
0.48828125,2.048,0.07235804
0.488769531,2.045954046,1.477329105
0.489257813,2.043912176,2.964323071
0.489746094,2.041874377,0.879410598
0.490234375,2.039840637,5.555306195
0.490722656,2.037810945,1.332195114
0.491210938,2.035785288,0.385189157
0.491699219,2.033763654,0.004212578
0.4921875,2.031746032,0.880192902
0.492675781,2.029732408,2.119377949
0.493164063,2.027722772,1.560989764
0.493652344,2.025717112,3.083606668
0.494140625,2.023715415,1.787253948
0.494628906,2.02171767,0.447694997
0.495117188,2.019723866,0.154136212
0.495605469,2.01773399,1.364623561
0.49609375,2.015748031,2.08637959
0.496582031,2.013765978,6.904846147
0.497070313,2.011787819,2.612163919
0.497558594,2.009813543,1.775670126
0.498046875,2.007843137,0.253274657
0.498535156,2.005876592,0.224207866
0.499023438,2.003913894,1.234576753
0.499511719,2.001955034,1.705980158
0.5,2,7.421693617
0.500488281,1.99804878,2.40059954
0.500976563,1.996101365,1.636769515
0.501464844,1.994157741,0.402248268
0.501953125,1.992217899,0.376734315
0.502441406,1.990281827,1.511543634
0.502929688,1.988349515,2.316673062
0.503417969,1.986420951,5.879000844
0.50390625,1.984496124,1.894818034
0.504394531,1.982575024,1.819043295
0.504882813,1.98065764,0.974202772
0.505371094,1.978743961,0.620667754
0.505859375,1.976833977,3.313657566
0.506347656,1.974927676,10.17798702
0.506835938,1.973025048,11.64602706
0.507324219,1.971126083,4.168828404
0.5078125,1.969230769,1.929696445
0.508300781,1.967339097,0.67844852
0.508789063,1.965451056,1.363272682
0.509277344,1.963566635,3.761038072
0.509765625,1.961685824,11.33172291
0.510253906,1.959808612,9.94386473
0.510742188,1.95793499,6.636892054
0.511230469,1.956064947,2.267155552
0.51171875,1.954198473,0.199652105
0.512207031,1.952335558,3.787561475
0.512695313,1.95047619,4.203898749
0.513183594,1.948620362,6.966747851
0.513671875,1.946768061,6.917804284
0.514160156,1.944919278,5.617020907
0.514648438,1.943074004,1.210281764
0.515136719,1.941232227,0.399797993
0.515625,1.939393939,3.794493714
0.516113281,1.93755913,2.499783748
0.516601563,1.935727788,4.518157609
0.517089844,1.933899906,7.515036491
0.517578125,1.932075472,5.811946323
0.518066406,1.930254477,0.429114195
0.518554688,1.928436911,1.448519628
0.519042969,1.926622766,4.611154285
0.51953125,1.92481203,1.060225782
0.520019531,1.923004695,3.924641439
0.520507813,1.92120075,4.709868039
0.520996094,1.919400187,5.469756439
0.521484375,1.917602996,0.320946417
0.521972656,1.915809167,3.599975774
0.522460938,1.914018692,7.011959619
0.522949219,1.912231559,1.751432477
0.5234375,1.910447761,18.0245012
0.523925781,1.908667288,9.019063988
0.524414063,1.90689013,4.357056426
0.524902344,1.905116279,1.475649256
0.525390625,1.903345725,6.90108649
0.525878906,1.901578459,5.340406448
0.526367188,1.899814471,3.066323873
0.526855469,1.898053753,4.807557549
0.52734375,1.896296296,5.272519341
0.527832031,1.894542091,5.520234026
0.528320313,1.892791128,1.290005733
0.528808594,1.891043398,7.404533014
0.529296875,1.889298893,13.22342618
0.529785156,1.887557604,15.68926331
0.530273438,1.885819521,11.18849203
0.530761719,1.884084637,9.392616786
0.53125,1.882352941,3.496092383
0.531738281,1.880624426,2.02012592
0.532226563,1.878899083,7.703483209
0.532714844,1.877176902,10.62175227
0.533203125,1.875457875,43.01641554
0.533691406,1.873741995,15.17757428
0.534179688,1.87202925,15.12749709
0.534667969,1.870319635,0.980368963
0.53515625,1.868613139,7.002643071
0.535644531,1.866909754,13.39402852
0.536132813,1.865209472,3.776969116
0.536621094,1.863512284,94.29539251
0.537109375,1.861818182,13.30000064
0.537597656,1.860127157,16.60333277
0.538085938,1.858439201,1.100631681
0.538574219,1.856754306,12.27355045
0.5390625,1.855072464,10.64887036
0.539550781,1.853393665,2.656556653
0.540039063,1.851717902,45.14236707
0.540527344,1.850045167,3.79847782
0.541015625,1.848375451,8.084965513
0.541503906,1.846708747,1.510526836
0.541992188,1.845045045,12.99746715
0.542480469,1.843384338,10.00867894
0.54296875,1.841726619,7.789889356
0.543457031,1.840071878,19.79486797
0.543945313,1.838420108,2.049852656
0.544433594,1.8367713,6.358793313
0.544921875,1.835125448,1.440318584
0.545410156,1.833482543,9.807306311
0.545898438,1.831842576,11.51422789
0.546386719,1.830205541,7.559303879
0.546875,1.828571429,12.71511909
0.547363281,1.826940232,3.381718342
0.547851563,1.825311943,2.628667789
0.548339844,1.823686554,1.333976093
0.548828125,1.822064057,6.542993918
0.549316406,1.820444444,5.924077932
0.549804688,1.818827709,20.20636661
0.550292969,1.817213842,9.149308089
0.55078125,1.815602837,5.332868933
0.551269531,1.813994686,0.329996759
0.551757813,1.812389381,4.823901493
0.552246094,1.810786914,4.771647041
0.552734375,1.809187279,0.458425379
0.553222656,1.807590468,38.17869984
0.553710938,1.805996473,7.605202815
0.554199219,1.804405286,3.605305277
0.5546875,1.802816901,1.543313099
0.555175781,1.80123131,6.757667715
0.555664063,1.799648506,0.967924584
0.556152344,1.798068481,3.601316043
0.556640625,1.796491228,31.41180228
0.557128906,1.79491674,4.484888577
0.557617188,1.793345009,0.157539275
0.558105469,1.791776028,0.936699267
0.55859375,1.79020979,0.805047882
0.559082031,1.788646288,1.390246523
0.559570313,1.787085515,1.971190679
0.560058594,1.785527463,8.098144722
0.560546875,1.783972125,0.995894012
0.561035156,1.782419495,2.270848322
0.561523438,1.780869565,0.016505517
0.562011719,1.779322328,3.785617554
0.5625,1.777777778,7.35237853
0.562988281,1.776235906,0.16815405
0.563476563,1.774696707,20.43060292
0.563964844,1.773160173,4.754600728
0.564453125,1.771626298,1.687357244
0.564941406,1.770095073,1.638922326
0.565429688,1.768566494,6.816447637
0.565917969,1.767040552,4.535947848
0.56640625,1.765517241,1.946315846
0.566894531,1.763996555,8.821604105
0.567382813,1.762478485,1.713136371
0.567871094,1.760963027,0.151222025
0.568359375,1.759450172,1.585038038
0.568847656,1.757939914,5.800199295
0.569335938,1.756432247,4.81935714
0.569824219,1.754927164,1.23655808
0.5703125,1.753424658,3.079069485
0.570800781,1.751924722,2.282357919
0.571289063,1.75042735,0.131309665
0.571777344,1.748932536,4.984959816
0.572265625,1.747440273,5.2244912
0.572753906,1.745950554,0.716753879
0.573242188,1.744463373,14.83290999
0.573730469,1.742978723,0.866347889
0.57421875,1.741496599,5.225071721
0.574707031,1.740016992,0.919391072
0.575195313,1.738539898,13.51077014
0.575683594,1.73706531,7.090370761
0.576171875,1.73559322,5.067051462
0.576660156,1.734123624,54.52387874
0.577148438,1.732656514,2.066520891
0.577636719,1.731191885,15.65776935
0.578125,1.72972973,0.475907789
0.578613281,1.728270042,29.98804716
0.579101563,1.726812816,19.44988509
0.579589844,1.725358045,26.81576055
0.580078125,1.723905724,84.71999096
0.580566406,1.722455845,1.409072608
0.581054688,1.721008403,22.43789752
0.581542969,1.719563392,2.710082592
0.58203125,1.718120805,50.21544488
0.582519531,1.716680637,76.11149218
0.583007813,1.715242881,103.042507
0.583496094,1.713807531,270.6213083
0.583984375,1.712374582,10.77641877
0.584472656,1.710944027,36.29374213
0.584960938,1.70951586,0.46617078
0.585449219,1.708090075,139.4024758
0.5859375,1.706666667,258.9501102
0.586425781,1.705245629,234.5342757
0.586914063,1.703826955,297.3611639
0.587402344,1.70241064,35.13299521
0.587890625,1.700996678,21.6589913
0.588378906,1.699585062,28.26247029
0.588867188,1.698175788,62.99209224
0.589355469,1.696768848,273.2349497
0.58984375,1.695364238,443.8361858
0.590332031,1.693961952,312.1464721
0.590820313,1.692561983,40.44561127
0.591308594,1.691164327,41.67616156
0.591796875,1.689768977,38.1460346
0.592285156,1.688375927,70.72942192
0.592773438,1.686985173,492.3351529
0.593261719,1.685596708,821.1739122
0.59375,1.684210526,338.4124492
0.594238281,1.682826623,99.80022666
0.594726563,1.681444992,38.39804012
0.595214844,1.680065628,92.18900587
0.595703125,1.678688525,11.51402583
0.596191406,1.677313677,214.8686853
0.596679688,1.67594108,524.7032942
0.597167969,1.674570728,128.9158491
0.59765625,1.673202614,62.97702443
0.598144531,1.671836735,28.50480885
0.598632813,1.670473083,67.02817682
0.599121094,1.669111654,6.370459181
0.599609375,1.667752443,96.10082189
0.600097656,1.666395443,364.7987662
0.600585938,1.66504065,72.76027789
0.601074219,1.663688058,38.3630828
0.6015625,1.662337662,13.1440129
0.602050781,1.660989457,43.38567968
0.602539063,1.659643436,6.500916176
0.603027344,1.658299595,19.22770072
0.603515625,1.656957929,67.1563328
0.604003906,1.655618432,11.02459398
0.604492188,1.654281099,11.74377337
0.604980469,1.652945924,4.030609795
0.60546875,1.651612903,11.00864172
0.605957031,1.650282031,1.957701381
0.606445313,1.648953301,5.131519834
0.606933594,1.64762671,17.99830918
0.607421875,1.646302251,3.996233505
0.607910156,1.64497992,3.215974743
0.608398438,1.643659711,0.532952797
0.608886719,1.64234162,0.909199838
0.609375,1.641025641,2.329008992
0.609863281,1.639711769,3.116755691
0.610351563,1.6384,4.948856519
0.610839844,1.637090328,4.180563629
0.611328125,1.635782748,1.265496316
0.611816406,1.634477255,2.386496215
0.612304688,1.633173844,6.208384663
0.612792969,1.63187251,5.487847712
0.61328125,1.630573248,7.625467669
0.613769531,1.629276054,10.27227505
0.614257813,1.627980922,8.218954566
0.614746094,1.626687847,0.194063166
0.615234375,1.625396825,6.867797458
0.615722656,1.624107851,7.201313387
0.616210938,1.622820919,4.609556098
0.616699219,1.621536025,11.27051286
0.6171875,1.620253165,4.619078243
0.617675781,1.618972332,5.5939412
0.618164063,1.617693523,0.272221251
0.618652344,1.616416732,7.963086517
0.619140625,1.615141956,6.385625262
0.619628906,1.613869188,4.697817433
0.620117188,1.612598425,17.03773974
0.620605469,1.611329662,6.886071557
0.62109375,1.610062893,5.841943717
0.621582031,1.608798115,0.307938234
0.622070313,1.607535322,15.93367469
0.622558594,1.60627451,11.39006139
0.623046875,1.605015674,2.950462248
0.623535156,1.60375881,24.3438222
0.624023438,1.602503912,6.345619958
0.624511719,1.601250977,3.569413876
0.625,1.6,0.296185296
0.625488281,1.598750976,17.70561234
0.625976563,1.5975039,16.46702886
0.626464844,1.596258769,10.08465523
0.626953125,1.595015576,28.40035096
0.627441406,1.593774319,7.752410315
0.627929688,1.592534992,0.923223667
0.628417969,1.591297591,0.638723726
0.62890625,1.590062112,10.98897585
0.629394531,1.588828549,12.0394798
0.629882813,1.587596899,8.609034709
0.630371094,1.586367157,9.496176891
0.630859375,1.585139319,3.1995935
0.631347656,1.58391338,0.31665839
0.631835938,1.582689335,0.614643438
0.632324219,1.581467181,2.932753379
0.6328125,1.580246914,7.07582282
0.633300781,1.579028527,27.0385771
0.633789063,1.577812018,10.49004931
0.634277344,1.576597383,3.085386589
0.634765625,1.575384615,2.047657313
0.635253906,1.574173713,4.73930748
0.635742188,1.57296467,2.876591985
0.636230469,1.571757483,6.095237399
0.63671875,1.570552147,39.43121703
0.637207031,1.569348659,6.143875701
0.637695313,1.568147014,0.965229799
0.638183594,1.566947207,5.186238589
0.638671875,1.565749235,7.608413092
0.639160156,1.564553094,0.699115853
0.639648438,1.563358779,11.35434456
0.640136719,1.562166285,52.27853929
0.640625,1.56097561,9.81473781
0.641113281,1.559786748,1.7494414
0.641601563,1.558599696,8.242161023
0.642089844,1.557414449,22.93505654
0.642578125,1.556231003,3.717275254
0.643066406,1.555049355,34.4976181
0.643554688,1.553869499,47.27649292
0.644042969,1.552691433,7.462553525
0.64453125,1.551515152,1.262807643
0.645019531,1.550340651,5.517446531
0.645507813,1.549167927,15.03541845
0.645996094,1.547996977,2.52131981
0.646484375,1.546827795,69.94624914
0.646972656,1.545660377,33.67807794
0.647460938,1.544494721,6.564289689
0.647949219,1.543330821,3.713292394
0.6484375,1.542168675,9.731309716
0.648925781,1.541008277,8.781937968
0.649414063,1.539849624,1.076950088
0.649902344,1.538692712,104.4200734
0.650390625,1.537537538,16.40346459
0.650878906,1.536384096,6.002595566
0.651367188,1.535232384,4.978878208
0.651855469,1.534082397,11.96849072
0.65234375,1.532934132,1.958940805
0.652832031,1.531787584,5.52918263
0.653320313,1.53064275,114.0200233
0.653808594,1.529499627,5.724577912
0.654296875,1.528358209,1.059024522
0.654785156,1.527218494,5.669500018
0.655273438,1.526080477,9.805400007
0.655761719,1.524944155,1.326042899
0.65625,1.523809524,14.0407441
0.656738281,1.52267658,69.78034692
0.657226563,1.521545319,3.905518934
0.657714844,1.520415739,0.281557364
0.658203125,1.519287834,3.996154514
0.658691406,1.518161601,10.79662821
0.659179688,1.517037037,3.414597553
0.659667969,1.515914138,31.69868752
0.66015625,1.514792899,47.57118773
0.660644531,1.513673319,5.296563693
0.661132813,1.512555391,0.148134397
0.661621094,1.511439114,3.057076422
0.662109375,1.510324484,3.054657475
0.662597656,1.509211496,1.575176479
0.663085938,1.508100147,29.03189853
0.663574219,1.506990434,11.06103203
0.6640625,1.505882353,1.094727617
0.664550781,1.5047759,1.395191417
0.665039063,1.503671072,2.742354696
0.665527344,1.502567865,3.464981571
0.666015625,1.501466276,3.794876098
0.666503906,1.5003663,3.449520763
0.666992188,1.499267936,8.069620126
0.667480469,1.498171178,2.419436755
0.66796875,1.497076023,0.538215675
0.668457031,1.495982469,1.691930868
0.668945313,1.494890511,11.05647811
0.669433594,1.493800146,8.270848341
0.669921875,1.49271137,11.92216694
0.670410156,1.491624181,23.8722138
0.670898438,1.490538574,8.042421984
0.671386719,1.489454545,2.088984259
0.671875,1.488372093,6.967553498
0.672363281,1.487291213,11.89635035
0.672851563,1.486211901,3.335525924
0.673339844,1.485134155,32.98152161
0.673828125,1.484057971,12.6091423
0.674316406,1.482983345,8.364338769
0.674804688,1.481910275,1.867307671
0.675292969,1.480838756,6.288615152
0.67578125,1.479768786,6.852859177
0.676269531,1.478700361,0.072353524
0.676757813,1.477633478,31.35199235
0.677246094,1.476568133,10.64282084
0.677734375,1.475504323,7.096713839
0.678222656,1.474442045,2.164239478
0.678710938,1.473381295,6.319071265
0.679199219,1.47232207,9.743275342
0.6796875,1.471264368,0.850198194
0.680175781,1.470208184,33.37120269
0.680664063,1.469153515,6.051732811
0.681152344,1.468100358,3.344219383
0.681640625,1.467048711,3.199981746
0.682128906,1.465998568,6.44854706
0.682617188,1.464949928,6.112085724
0.683105469,1.463902788,5.247199942
0.68359375,1.462857143,25.46183427
0.684082031,1.461812991,4.947655915
0.684570313,1.460770328,1.26163612
0.685058594,1.459729152,3.450130819
0.685546875,1.458689459,8.988770428
0.686035156,1.457651246,3.882153098
0.686523438,1.456614509,9.9819052
0.687011719,1.455579247,14.67320791
0.6875,1.454545455,3.496904267
0.687988281,1.45351313,1.671873044
0.688476563,1.45248227,1.791756009
0.688964844,1.45145287,4.958736272
0.689453125,1.450424929,1.083664745
0.689941406,1.449398443,8.230783734
0.690429688,1.448373409,6.797920823
0.690917969,1.447349823,2.578457185
0.69140625,1.446327684,0.754377004
0.691894531,1.445306987,1.367604449
0.692382813,1.444287729,4.051916536
0.692871094,1.443269908,0.504571417
0.693359375,1.442253521,4.03364943
0.693847656,1.441238564,2.747744187
0.694335938,1.440225035,2.486584722
0.694824219,1.43921293,0.5492769
0.6953125,1.438202247,0.963918212
0.695800781,1.437192982,2.930270032
0.696289063,1.436185133,0.194318414
0.696777344,1.435178697,4.529150496
0.697265625,1.434173669,0.875056909
0.697753906,1.433170049,1.159219067
0.698242188,1.432167832,0.532543568
0.698730469,1.431167016,0.85897663
0.69921875,1.430167598,1.500063577
0.699707031,1.429169574,0.125083699
0.700195313,1.428172943,2.865595958
0.700683594,1.4271777,0.787553702
0.701171875,1.426183844,1.179133928
0.701660156,1.425191371,0.341144434
0.702148438,1.424200278,1.83044717
0.702636719,1.423210563,1.13989016
0.703125,1.422222222,1.585439928
0.703613281,1.421235253,3.394628065
0.704101563,1.420249653,0.738133877
0.704589844,1.419265419,0.808235821
0.705078125,1.418282548,0.951581491
0.705566406,1.417301038,1.008352714
0.706054688,1.416320885,1.159686749
0.706542969,1.415342087,2.326099392
0.70703125,1.414364641,1.578037344
0.707519531,1.413388544,0.898383898
0.708007813,1.412413793,0.661511938
0.708496094,1.411440386,1.219260547
0.708984375,1.41046832,1.130603122
0.709472656,1.409497591,1.379332282
0.709960938,1.408528198,2.449353608
0.710449219,1.407560137,1.450123068
0.7109375,1.406593407,2.077184132
0.711425781,1.405628003,0.787970488
0.711914063,1.404663923,1.504638257
0.712402344,1.403701165,2.348042751
0.712890625,1.402739726,2.153534871
0.713378906,1.401779603,5.398399727
0.713867188,1.400820793,0.544003799
0.714355469,1.399863295,1.59861813
0.71484375,1.398907104,0.622417673
0.715332031,1.397952218,1.01290734
0.715820313,1.396998636,1.587168183
0.716308594,1.396046353,3.019306659
0.716796875,1.395095368,2.344926899
0.717285156,1.394145677,0.777757758
0.717773438,1.393197279,2.335705918
0.718261719,1.39225017,0.265994184
0.71875,1.391304348,1.626307182
0.719238281,1.39035981,4.202398422
0.719726563,1.389416554,0.943567437
0.720214844,1.388474576,4.322835956
0.720703125,1.387533875,0.729196123
0.721191406,1.386594448,1.524575666
0.721679688,1.385656292,0.155065516
0.722167969,1.384719405,1.3376784
0.72265625,1.383783784,3.353186038
0.723144531,1.382849426,1.700304848
0.723632813,1.381916329,4.691138314
0.724121094,1.380984491,1.326611249
0.724609375,1.380053908,0.523446395
0.725097656,1.379124579,0.276045269
0.725585938,1.378196501,1.203914396
0.726074219,1.37726967,3.682064236
0.7265625,1.376344086,0.893206286
0.727050781,1.375419745,2.979299658
0.727539063,1.374496644,1.530077954
0.728027344,1.373574782,0.444276367
0.728515625,1.372654155,0.042797265
0.729003906,1.371734762,1.509235918
0.729492188,1.3708166,3.436556665
0.729980469,1.369899666,1.304816297
0.73046875,1.368983957,1.103636986
0.730957031,1.368069472,0.606618618
0.731445313,1.367156208,0.152324173
0.731933594,1.366244163,0.029163563
0.732421875,1.365333333,0.893818025
0.732910156,1.364423718,2.629492405
0.733398438,1.363515313,0.076743672
0.733886719,1.362608117,1.87523182
0.734375,1.361702128,0.95852523
0.734863281,1.360797342,0.264035211
0.735351563,1.359893758,0.78926286
0.735839844,1.358991374,1.244831104
0.736328125,1.358090186,0.645414808
0.736816406,1.357190192,4.623578615
0.737304688,1.356291391,0.55196511
0.737792969,1.355393779,0.373178635
0.73828125,1.354497354,0.019908179
0.738769531,1.353602115,0.306300471
0.739257813,1.352708058,0.511505174
0.739746094,1.351815182,1.433487398
0.740234375,1.350923483,2.9746078
0.740722656,1.35003296,0.374835669
0.741210938,1.34914361,0.046246405
0.741699219,1.348255431,0.188397658
0.7421875,1.347368421,0.49050037
0.742675781,1.346482577,1.525047857
0.743164063,1.345597898,5.02352964
0.743652344,1.34471438,5.071437454
0.744140625,1.343832021,2.643739207
0.744628906,1.34295082,0.098466101
0.745117188,1.342070773,1.276074772
0.745605469,1.34119188,2.495976761
0.74609375,1.340314136,4.390356335
0.746582031,1.339437541,20.57499027
0.747070313,1.338562092,8.385200057
0.747558594,1.337687786,2.609606338
0.748046875,1.336814621,0.405586437
0.748535156,1.335942596,1.865360251
0.749023438,1.335071708,2.613376372
0.749511719,1.334201954,4.490005158
0.75,1.333333333,66.11316374
0.750488281,1.332465843,15.59400589
0.750976563,1.33159948,5.185898539
0.751464844,1.330734243,3.218059556
0.751953125,1.32987013,7.529611348
0.752441406,1.329007138,9.091713985
0.752929688,1.328145266,13.43271985
0.753417969,1.327284511,91.49775174
0.75390625,1.32642487,15.21358845
0.754394531,1.325566343,2.998347012
0.754882813,1.324708926,3.680451112
0.755371094,1.323852618,7.939747937
0.755859375,1.322997416,10.74370055
0.756347656,1.322143318,34.4273773
0.756835938,1.321290323,89.06155235
0.757324219,1.320438427,15.41879783
0.7578125,1.319587629,1.14951449
0.758300781,1.318737927,5.206728788
0.758789063,1.317889318,7.8828058
0.759277344,1.317041801,8.143623985
0.759765625,1.316195373,30.42011928
0.760253906,1.315350032,16.86370118
0.760742188,1.314505777,3.573489841
0.761230469,1.313662604,0.090655752
0.76171875,1.312820513,0.981984132
0.762207031,1.3119795,2.187372691
0.762695313,1.311139565,4.517353788
0.763183594,1.310300704,58.28084347
0.763671875,1.309462916,12.44214979
0.764160156,1.308626198,4.131232396
0.764648438,1.307790549,0.238330779
0.765136719,1.306955967,1.982507093
0.765625,1.306122449,1.341829576
0.766113281,1.305289994,0.925107227
0.766601563,1.304458599,12.57813924
0.767089844,1.303628262,0.77337873
0.767578125,1.302798982,0.306208177
0.768066406,1.301970757,0.053352439
0.768554688,1.301143583,0.538442374
0.769042969,1.30031746,0.406794035
0.76953125,1.299492386,1.71856679
0.770019531,1.298668358,36.694709
0.770507813,1.297845374,2.206098428
0.770996094,1.297023433,0.689435961
0.771484375,1.296202532,0.668983229
0.771972656,1.295382669,2.050272157
0.772460938,1.294563843,0.682121751
0.772949219,1.293746052,3.27052358
0.7734375,1.292929293,11.27167937
0.773925781,1.292113565,2.393010494
0.774414063,1.291298865,0.068074406
0.774902344,1.290485192,1.568137322
0.775390625,1.289672544,3.29842321
0.775878906,1.288860919,2.182265758
0.776367188,1.288050314,9.064059279
0.776855469,1.287240729,21.99614227
0.77734375,1.286432161,4.119133018
0.777832031,1.285624608,0.167307931
0.778320313,1.284818068,2.319968103
0.778808594,1.284012539,3.750600677
0.779296875,1.28320802,5.628327145
0.779785156,1.282404508,33.99837012
0.780273438,1.281602003,34.76569396
0.780761719,1.2808005,7.070420828
0.78125,1.28,0.113402003
0.781738281,1.2792005,3.990769931
0.782226563,1.278401998,5.914683475
0.782714844,1.277604492,7.371349052
0.783203125,1.27680798,67.40978827
0.783691406,1.276012461,26.26851866
0.784179688,1.275217933,8.951809592
0.784667969,1.274424393,0.217513389
0.78515625,1.273631841,2.257291341
0.785644531,1.272840273,5.473536976
0.786132813,1.272049689,6.003146921
0.786621094,1.271260087,51.83603506
0.787109375,1.270471464,7.003809117
0.787597656,1.269683819,2.729291685
0.788085938,1.26889715,0.054745551
0.788574219,1.268111455,0.332391186
0.7890625,1.267326733,0.893446716
0.789550781,1.266542981,3.603321582
0.790039063,1.265760198,10.2026669
0.790527344,1.264978382,0.618423206
0.791015625,1.264197531,0.087231766
0.791503906,1.263417643,4.320539748
0.791992188,1.262638718,4.32515785
0.792480469,1.261860752,2.545307806
0.79296875,1.261083744,29.66920669
0.793457031,1.260307692,71.50850479
0.793945313,1.259532595,4.724107515
0.794433594,1.258758451,0.162324397
0.794921875,1.257985258,5.157330274
0.795410156,1.257213014,4.688164988
0.795898438,1.256441718,3.172342501
0.796386719,1.255671367,68.24084848
0.796875,1.254901961,70.41606064
0.797363281,1.254133497,7.451205326
0.797851563,1.253365973,0.610866618
0.798339844,1.252599388,9.359007514
0.798828125,1.251833741,7.797325544
0.799316406,1.251069029,4.808944804
0.799804688,1.25030525,176.0332
0.800292969,1.249542404,67.28986145
0.80078125,1.248780488,10.73261786
0.801269531,1.2480195,3.54374419
0.801757813,1.24725944,13.69372198
0.802246094,1.246500304,4.271060745
0.802734375,1.245742092,4.907818062
0.803222656,1.244984802,172.277849
0.803710938,1.244228433,21.55474584
0.804199219,1.243472981,3.976749955
0.8046875,1.242718447,4.786451473
0.805175781,1.241964827,8.58745927
0.805664063,1.241212121,0.985384404
0.806152344,1.240460327,8.568379906
0.806640625,1.239709443,42.81299265
0.807128906,1.238959468,4.16141593
0.807617188,1.238210399,0.299696372
0.808105469,1.237462236,2.053840053
0.80859375,1.236714976,1.730424255
0.809082031,1.235968618,0.014083517
0.809570313,1.23522316,3.948348079
0.810058594,1.234478602,0.682891085
0.810546875,1.23373494,0.762030768
0.811035156,1.232992173,0.034763556
0.811523438,1.232250301,0.726141544
0.812011719,1.231509321,2.018764274
0.8125,1.230769231,0.638610266
0.812988281,1.23003003,8.422669531
0.813476563,1.229291717,7.261455088
0.813964844,1.228554289,0.819018526
0.814453125,1.227817746,0.241103479
0.814941406,1.227082085,1.874957309
0.815429688,1.226347305,2.316888639
0.815917969,1.225613405,0.67391027
0.81640625,1.224880383,47.72667186
0.816894531,1.224148237,7.577101427
0.817382813,1.223416965,4.296242826
0.817871094,1.222686567,1.000997069
0.818359375,1.221957041,3.399136318
0.818847656,1.221228384,2.439192483
0.819335938,1.220500596,0.113932492
0.819824219,1.219773675,41.97805439
0.8203125,1.219047619,3.149916385
0.820800781,1.218322427,4.491930266
0.821289063,1.217598098,0.076019782
0.821777344,1.216874629,2.886500822
0.822265625,1.216152019,1.409502137
0.822753906,1.215430267,0.125082831
0.823242188,1.214709371,57.0635006
0.823730469,1.21398933,6.153142816
0.82421875,1.213270142,8.846509616
0.824707031,1.212551806,0.166234621
0.825195313,1.21183432,4.821383297
0.825683594,1.211117682,1.913657851
0.826171875,1.210401891,0.900149253
0.826660156,1.209686946,58.02859364
0.827148438,1.208972845,8.234259014
0.827636719,1.208259587,6.356170678
0.828125,1.20754717,1.8368307
0.828613281,1.206835592,2.051842218
0.829101563,1.206124853,2.415456111
0.829589844,1.20541495,1.109004765
0.830078125,1.204705882,24.01537778
0.830566406,1.203997648,8.825631907
0.831054688,1.203290247,2.048900906
0.831542969,1.202583676,2.831005773
0.83203125,1.201877934,2.78326174
0.832519531,1.201173021,4.535282417
0.833007813,1.200468933,3.849828574
0.833496094,1.199765671,23.92183184
0.833984375,1.199063232,2.578563265
0.834472656,1.198361615,1.1265847
0.834960938,1.197660819,3.058952916
0.835449219,1.196960842,1.02022283
0.8359375,1.196261682,6.587734142
0.836425781,1.195563339,1.49277897
0.836914063,1.194865811,11.85152664
0.837402344,1.194169096,1.61378751
0.837890625,1.193473193,0.563261294
0.838378906,1.192778101,2.155322933
0.838867188,1.192083818,1.298550439
0.839355469,1.191390343,2.367277133
0.83984375,1.190697674,1.994392513
0.840332031,1.190005811,1.993345806
0.840820313,1.18931475,0.280428863
0.841308594,1.188624492,0.741150404
0.841796875,1.187935035,0.637494881
0.842285156,1.187246377,0.474040465
0.842773438,1.186558517,3.39005189
0.843261719,1.185871453,7.97080061
0.84375,1.185185185,6.251556021
0.844238281,1.184499711,1.947165792
0.844726563,1.183815029,0.721509775
0.845214844,1.183131138,0.514634247
0.845703125,1.182448037,1.708037194
0.846191406,1.181765724,1.354946927
0.846679688,1.181084198,10.11644896
0.847167969,1.180403458,0.353595309
0.84765625,1.179723502,0.070145192
0.848144531,1.179044329,0.739495025
0.848632813,1.178365938,0.252080535
0.849121094,1.177688327,0.298797346
0.849609375,1.177011494,5.845286612
0.850097656,1.176335439,24.30264665
0.850585938,1.175660161,0.153243629
0.851074219,1.174985657,0.230464657
0.8515625,1.174311927,2.933064054
0.852050781,1.173638968,2.859059573
0.852539063,1.172966781,6.275244061
0.853027344,1.172295363,0.325503034
0.853515625,1.171624714,6.591781155
0.854003906,1.170954831,4.705625438
0.854492188,1.170285714,0.025373136
0.854980469,1.169617362,4.305246678
0.85546875,1.168949772,2.855165678
0.855957031,1.168282944,0.944597271
0.856445313,1.167616876,30.17732945
0.856933594,1.166951567,47.38768892
0.857421875,1.166287016,27.01823253
0.857910156,1.165623221,0.097976678
0.858398438,1.164960182,6.635087088
0.858886719,1.164297897,6.767266296
0.859375,1.163636364,1.397445834
0.859863281,1.162975582,91.19572758
0.860351563,1.162315551,45.82563666
0.860839844,1.161656268,16.59517758
0.861328125,1.160997732,3.840171402
0.861816406,1.160339943,20.17798285
0.862304688,1.159682899,9.109556677
0.862792969,1.159026599,27.38852168
0.86328125,1.158371041,324.1268065
0.863769531,1.157716224,98.74433321
0.864257813,1.157062147,30.1351854
0.864746094,1.156408809,5.648299477
0.865234375,1.155756208,18.77518574
0.865722656,1.155104343,14.81701992
0.866210938,1.154453213,13.26742945
0.866699219,1.153802817,387.8795106
0.8671875,1.153153153,61.91598681
0.867675781,1.152504221,20.88839275
0.868164063,1.151856018,4.908466224
0.868652344,1.151208544,11.45892717
0.869140625,1.150561798,9.775833226
0.869628906,1.149915778,15.52391073
0.870117188,1.149270483,273.7345971
0.870605469,1.148625911,25.48310792
0.87109375,1.147982063,5.677759008
0.871582031,1.147338936,2.211738747
0.872070313,1.146696529,8.952194825
0.872558594,1.146054841,8.504197432
0.873046875,1.14541387,60.73512566
0.873535156,1.144773617,184.11761
0.874023438,1.144134078,18.43587619
0.874511719,1.143495254,2.014393744
0.875,1.142857143,3.485724171
0.875488281,1.142219743,12.87840847
0.875976563,1.141583055,5.558724427
0.876464844,1.140947075,127.8380117
0.876953125,1.140311804,80.01956578
0.877441406,1.13967724,9.494414147
0.877929688,1.139043382,0.886236028
0.878417969,1.138410228,1.790822123
0.87890625,1.137777778,3.101173034
0.879394531,1.13714603,0.234285788
0.879882813,1.136514983,53.39294076
0.880371094,1.135884637,16.04470917
0.880859375,1.135254989,4.871004909
0.881347656,1.134626039,0.366516701
0.881835938,1.133997785,0.340054529
0.882324219,1.133370227,2.11836833
0.8828125,1.132743363,1.085389413
0.883300781,1.132117192,128.7382576
0.883789063,1.131491713,26.12192659
0.884277344,1.130866924,10.42085857
0.884765625,1.130242826,1.032989394
0.885253906,1.129619415,8.468128482
0.885742188,1.128996692,6.571895348
0.886230469,1.128374656,4.863721104
0.88671875,1.127753304,275.0969297
0.887207031,1.127132636,22.62485417
0.887695313,1.126512651,7.618173812
0.888183594,1.125893348,3.523289244
0.888671875,1.125274725,7.446148378
0.889160156,1.124656782,7.158959154
0.889648438,1.124039517,18.74969556
0.890136719,1.123422929,164.9823512
0.890625,1.122807018,15.562361
0.891113281,1.122191781,3.283720659
0.891601563,1.121577218,6.247467695
0.892089844,1.120963328,16.3886049
0.892578125,1.120350109,14.98999416
0.893066406,1.119737562,76.45003998
0.893554688,1.119125683,119.5531241
0.894042969,1.118514473,8.699391933
0.89453125,1.11790393,0.230576678
0.895019531,1.117294053,1.567871281
0.895507813,1.116684842,2.843758857
0.895996094,1.116076294,1.723147042
0.896484375,1.11546841,12.09470547
0.896972656,1.114861187,13.47788728
0.897460938,1.114254625,1.856173956
0.897949219,1.113648722,0.331849709
0.8984375,1.113043478,1.455254794
0.898925781,1.112438892,2.75908435
0.899414063,1.111834962,1.057652766
0.899902344,1.111231687,44.51088154
0.900390625,1.110629067,5.67817904
0.900878906,1.1100271,0.352037037
0.901367188,1.109425785,0.681074441
0.901855469,1.108825122,0.42728103
0.90234375,1.108225108,0.178458091
0.902832031,1.107625744,1.166327469
0.903320313,1.107027027,13.36923623
0.903808594,1.106428957,10.04792539
0.904296875,1.105831533,3.762551524
0.904785156,1.105234754,0.702596799
0.905273438,1.104638619,3.132007252
0.905761719,1.104043127,3.100304872
0.90625,1.103448276,0.938376365
0.906738281,1.102854066,62.50584235
0.907226563,1.102260495,5.976373449
0.907714844,1.101667563,1.095132837
0.908203125,1.101075269,1.017952411
0.908691406,1.100483611,2.008193181
0.909179688,1.099892589,0.478337216
0.909667969,1.099302201,0.974572797
0.91015625,1.098712446,0.538714643
0.910644531,1.098123324,0.376256808
0.911132813,1.097534834,0.25311259
0.911621094,1.096946974,0.304003889
0.912109375,1.096359743,0.617834046
0.912597656,1.095773141,2.145685368
0.913085938,1.095187166,12.24742609
0.913574219,1.094601817,28.23596099
0.9140625,1.094017094,5.67323427
0.914550781,1.093432995,0.18999744
0.915039063,1.09284952,2.997117861
0.915527344,1.092266667,4.770556699
0.916015625,1.091684435,5.781336243
0.916503906,1.091102824,57.45771003
0.916992188,1.090521832,38.35410443
0.917480469,1.089941458,6.770240308
0.91796875,1.089361702,0.293908164
0.918457031,1.088782562,3.587119456
0.918945313,1.088204038,3.494079777
0.919433594,1.087626129,1.641884727
0.919921875,1.087048832,71.32488457
0.920410156,1.086472149,14.81766439
0.920898438,1.085896076,2.93042188
0.921386719,1.085320615,1.094351857
0.921875,1.084745763,2.968155187
0.922363281,1.084171519,1.49124337
0.922851563,1.083597884,0.374145121
0.923339844,1.083024855,53.09999005
0.923828125,1.082452431,4.757539855
0.924316406,1.081880613,1.316414848
0.924804688,1.081309398,0.7914808
0.925292969,1.080738786,1.777264224
0.92578125,1.080168776,0.814757434
0.926269531,1.079599367,1.205992061
0.926757813,1.079030558,8.009466672
0.927246094,1.078462349,0.166315424
0.927734375,1.077894737,0.068140223
0.928222656,1.077327722,0.067838069
0.928710938,1.076761304,0.200307088
0.929199219,1.076195481,0.122814938
0.9296875,1.075630252,2.273193645
0.930175781,1.075065617,14.63611479
0.930664063,1.074501574,3.394556691
0.931152344,1.073938123,0.117453842
0.931640625,1.073375262,2.630281968
0.932128906,1.072812991,4.678782229
0.932617188,1.072251309,3.248154005
0.933105469,1.071690215,41.25062319
0.93359375,1.071129707,55.51085438
0.934082031,1.070569786,8.094041716
0.934570313,1.070010449,0.037354906
0.935058594,1.069451697,3.948444719
0.935546875,1.068893528,2.746114017
0.936035156,1.068335942,2.482350121
0.936523438,1.067778936,48.93666551
0.937011719,1.067222512,21.86802961
0.9375,1.066666667,4.251951261
0.937988281,1.0661114,0.628387063
0.938476563,1.065556712,3.868890694
0.938964844,1.0650026,2.189003061
0.939453125,1.064449064,0.936420284
0.939941406,1.063896104,84.54536332
0.940429688,1.063343718,16.94807837
0.940917969,1.062791905,3.289833972
0.94140625,1.062240664,1.544518376
0.941894531,1.061689995,3.676126628
0.942382813,1.061139896,0.735172402
0.942871094,1.060590368,1.111197843
0.943359375,1.060041408,40.62578124
0.943847656,1.059493016,3.911564495
0.944335938,1.058945191,1.012133038
0.944824219,1.058397933,0.687083042
0.9453125,1.05785124,1.451383301
0.945800781,1.057305111,0.561471478
0.946289063,1.056759546,1.619564435
0.946777344,1.056214544,15.14397011
0.947265625,1.055670103,1.127839284
0.947753906,1.055126224,0.054943518
0.948242188,1.054582904,0.298808444
0.948730469,1.054040144,0.436799055
0.94921875,1.053497942,0.132055023
0.949707031,1.052956298,1.417540994
0.950195313,1.052415211,3.605336734
0.950683594,1.051874679,0.671957665
0.951171875,1.051334702,0.179346843
0.951660156,1.05079528,0.128738552
0.952148438,1.05025641,0.171436842
0.952636719,1.049718093,0.48810854
0.953125,1.049180328,4.206319785
0.953613281,1.048643113,4.098695155
0.954101563,1.048106448,0.629128177
0.954589844,1.047570332,0.19438441
0.955078125,1.047034765,0.315397345
0.955566406,1.046499745,0.163836997
0.956054688,1.045965271,0.242661289
0.956542969,1.045431343,8.898704075
0.95703125,1.044897959,2.323393091
0.957519531,1.04436512,0.473267194
0.958007813,1.043832824,0.231521713
0.958496094,1.04330107,0.329027686
0.958984375,1.042769857,0.143242128
0.959472656,1.042239186,0.175831694
0.959960938,1.041709054,11.79953118
0.960449219,1.041179461,0.921551948
0.9609375,1.040650407,0.389232286
0.961425781,1.040121889,0.553405185
0.961914063,1.039593909,0.324898134
0.962402344,1.039066464,0.153060412
0.962890625,1.038539554,0.763460892
0.963378906,1.038013178,10.05243039
0.963867188,1.037487335,0.16299935
0.964355469,1.036962025,0.027655345
0.96484375,1.036437247,0.371804502
0.965332031,1.035912999,0.329861359
0.965820313,1.035389282,0.271370127
0.966308594,1.034866094,2.357241586
0.966796875,1.034343434,15.2325478
0.967285156,1.033821302,0.797529306
0.967773438,1.033299697,0.200291797
0.968261719,1.032778618,0.952288126
0.96875,1.032258065,0.493573396
0.969238281,1.031738035,0.428427153
0.969726563,1.03121853,2.896094971
0.970214844,1.030699547,2.769185984
0.970703125,1.030181087,0.07314105
0.971191406,1.029663147,0.021591302
0.971679688,1.029145729,0.149650343
0.972167969,1.02862883,0.209694048
0.97265625,1.02811245,0.818479331
0.973144531,1.027596588,6.855181993
0.973632813,1.027081244,4.810699751
0.974121094,1.026566416,0.76631297
0.974609375,1.026052104,0.610885225
0.975097656,1.025538307,0.638693944
0.975585938,1.025025025,0.271791692
0.976074219,1.024512256,0.987459643
0.9765625,1.024,11.07749676
0.977050781,1.023488256,1.997321686
0.977539063,1.022977023,0.355573589
0.978027344,1.022466301,0.975917589
0.978515625,1.021956088,1.061577291
0.979003906,1.021446384,0.385703597
0.979492188,1.020937188,1.401845098
0.979980469,1.0204285,33.68217849
0.98046875,1.019920319,2.704354452
0.980957031,1.019412643,0.54326012
0.981445313,1.018905473,1.495229258
0.981933594,1.018398807,1.399909806
0.982421875,1.017892644,1.104802568
0.982910156,1.017386985,2.901220024
0.983398438,1.016881827,37.1660765
0.983886719,1.016377171,1.90532335
0.984375,1.015873016,0.407434064
0.984863281,1.01536936,2.175900804
0.985351563,1.014866204,2.228335764
0.985839844,1.014363546,2.678488007
0.986328125,1.013861386,9.803764334
0.986816406,1.013359723,40.54729747
0.987304688,1.012858556,3.308302243
0.987792969,1.012357884,0.559525593
0.98828125,1.011857708,2.624118264
0.988769531,1.011358025,2.312678788
0.989257813,1.010858835,4.091218334
0.989746094,1.010360138,26.45686659
0.990234375,1.009861933,38.43467827
0.990722656,1.009364219,5.775506112
0.991210938,1.008866995,1.176322232
0.991699219,1.008370261,3.202129495
0.9921875,1.007874016,2.140087511
0.992675781,1.007378259,4.38127927
0.993164063,1.006882989,38.43027077
0.993652344,1.006388206,13.97977368
0.994140625,1.00589391,2.659568445
0.994628906,1.005400098,1.313081657
0.995117188,1.004906771,1.697658048
0.995605469,1.004413928,0.400199281
0.99609375,1.003921569,1.428465668
0.996582031,1.003429691,29.23777008
0.997070313,1.002938296,4.318380853
0.997558594,1.002447381,0.942840427
0.998046875,1.001956947,1.350279719
0.998535156,1.001466993,1.571487351
0.999023438,1.000977517,0.785356746
0.999511719,1.00048852,2.203396703
