Step,載荷Q,根元M,部材θ,累積変形角
0,0,0,0,0
20,186500,395.59574140691234,0.0021595148296031596,0.0021595148296031596
40,249500,524.1643573641594,0.0028551970617444467,0.0028551970617444467
60,268900,563.7239315048511,0.0030692134386901856,0.0030692134386901856
80,288300,603.2835056455428,0.003283229815635927,0.003283229815635927
100,307700,642.8430797862346,0.0034972461925816675,0.0034972461925816675
120,327100,682.4026539269264,0.0037112625695274086,0.0037112625695274086
140,346500,721.9622280676181,0.003925278946473149,0.003925278946473149
160,365900,761.5218022083099,0.004139295323418888,0.004139295323418888
180,385300,801.0813763490016,0.004353311700364628,0.004353311700364628
200,404700,840.6409504896934,0.004582637724986641,0.004582637724986641
220,424000,880.2005246303852,0.004838594808794795,0.004838594808794795
240,443400,919.7600987710769,0.005123762501489688,0.005123762501489688
260,462800,959.3196729117686,0.005582037329947676,0.005582037329947676
280,478600,991.4618269010808,0.006476597012879415,0.006476597012879415
300,483400,1001.3517204362537,0.006762215351826697,0.006762215351826697
320,488300,1011.2416139714267,0.006983579197381793,0.006983579197381793
340,493100,1021.1315075065995,0.007197199087243979,0.007197199087243979
360,498000,1031.0214010417724,0.007425807990527489,0.007425807990527489
380,502800,1040.9112945769455,0.007674698634721478,0.007674698634721478
400,507700,1050.8011881121183,0.007952651189006548,0.007952651189006548
420,512500,1060.6910816472914,0.008276587313494456,0.008276587313494456
440,517400,1070.5809751824643,0.0086747324994666,0.0086747324994666
460,522200,1080.4708687176355,0.009217835268138165,0.009217835268138165
480,527100,1090.3607622528061,0.009954603572122644,0.009954603572122644
500,531900,1100.2506557879767,0.010768004274245492,0.010768004274245492
520,536800,1110.1405493231473,0.011609883688834933,0.011609883688834933
540,541600,1120.0304428583179,0.01249879434932165,0.01249879434932165
560,546400,1129.9203363934882,0.013422120103539645,0.013422120103539645
580,551300,1139.810229928659,0.014363743647911903,0.014363743647911903
600,556100,1149.7001234638294,0.015351329777597584,0.015351329777597584
618,560500,1158.6010276454829,0.01627682579756028,0.01627682579756028
620,560500,1157.612038291966,0.016217656909156115,0.016335994685964448
640,560500,1147.7221447567954,0.01615163330809309,0.01640201828702747
660,560500,1137.8322512216248,0.016085609709159173,0.01646804188596139
680,560302,1127.9423576864542,0.01602009704271272,0.016533554552407844
700,555451,1118.0524641512836,0.01596659188553372,0.016587059709586842
720,550600,1108.1625706161133,0.015913086729451922,0.01664056486566864
740,545749,1098.2726770809425,0.015859581574467325,0.016694070020653238
760,540898,1088.382783545772,0.01580607642057992,0.01674757517454064
780,536047,1078.4928900106015,0.01575257126778974,0.01680108032733082
800,531196,1068.6029964754298,0.01569906611609676,0.016854585479023805
820,526345,1058.7131029402567,0.01564556096550096,0.0169080906296196
840,521494,1048.8232094050836,0.015592055816002379,0.016961595779118183
860,516643,1038.933315869911,0.015538550667600994,0.017015100927519563
880,511792,1029.043422334738,0.015485045520296812,0.017068606074823744
900,507040,1019.1535287995649,0.01543128489586919,0.01712236669925136
920,502189,1009.2636352643921,0.015377779750768986,0.017175871844351563
940,497338,999.3737417292191,0.015324274606766004,0.01722937698835455
960,492487,989.4838481940462,0.015270769463860195,0.017282882131260363
980,474469,952.8912421139063,0.015072979279358507,0.017480672315762058
1000,455164,913.3316679732145,0.014858703256800932,0.017694948338319628
1020,435760,873.7720938325227,0.014644682729955172,0.01790896886516538
1040,416356,834.212519691831,0.014430662220664671,0.018122989374455886
1060,396952,794.6529455511392,0.014216641728929455,0.018337009866191096
1080,377548,755.0933714104475,0.014002621254749515,0.018551030340371037
1100,358144,715.5337972697557,0.013788600798124847,0.0187650507969957
1120,338740,675.974223129064,0.013574580359055457,0.018979071236065105
1140,319336,636.4146489883722,0.013360559937541342,0.019193091657579212
1160,300031,596.8550748476804,0.013146284055770363,0.019407367539350198
1180,280627,557.2955007069887,0.01293226366940507,0.01962138792571548
1200,261223,517.7359265662969,0.012718243300595056,0.019835408294525493
1220,172024,335.7618855191168,0.011733596543645301,0.020820055051475234
1240,-21917,-59.833855887795536,0.009593139151681656,0.022960512443438892
1260,-215858,-455.429597294708,0.007420435604185874,0.025133215990934675
1280,-252686,-530.5927881620219,0.006832153253616239,0.025721498341504303
1300,-272090,-570.1523623027136,0.006488181224992441,0.026065470370128095
1320,-291395,-609.7119364434053,0.006124810541638999,0.026428841053481537
1340,-310799,-649.2715105840971,0.005736180903785479,0.026817470691335058
1360,-330203,-688.8310847247889,0.005319955670102259,0.027233695925018273
1380,-349607,-728.3906588654806,0.0048768172013448595,0.02767683439377568
1400,-369011,-767.9502330061724,0.004409776858532202,0.028143874736588335
1420,-388415,-807.5098071468641,0.003921059107776236,0.028632592487344306
1440,-407819,-847.0693812875559,0.003414698666869361,0.02913895292825118
1460,-427223,-886.6289554282477,0.002893011010431614,0.029660640584688928
1480,-446528,-926.1885295689394,0.0023056957089930383,0.030247955886127498
1500,-465932,-965.7481037096312,0.0013704120981418457,0.031183239496978696
1520,-479495,-993.4398056081154,0.00046654871563829434,0.03208710287948225
1540,-484346,-1003.3296991432884,0.00020101038182327526,0.03235264121329727
1560,-489197,-1013.2195926784614,-0.00010113732742785137,0.0326547889225484
1580,-494048,-1023.1094862136342,-0.00043170284303016955,0.03298535443815072
1600,-498899,-1032.999379748807,-0.0007891109483875387,0.03334276254350809
1620,-503750,-1042.8892732839802,-0.0011850292931600143,0.033738680888280574
1640,-508601,-1052.779166819153,-0.0016359912299169746,0.03418964282503754
1660,-513452,-1062.669060354326,-0.0021679887980797096,0.03472164039320028
1680,-518303,-1072.558953889499,-0.002813759769102416,0.03536741136422299
1700,-523154,-1082.4488474246696,-0.003548645695833038,0.036102297290953614
1720,-528005,-1092.3387409598404,-0.004315801334914709,0.036869452930035275
1740,-532856,-1102.2286344950107,-0.005091282650852656,0.03764493424597321
1760,-537707,-1112.1185280301813,-0.00587681552940222,0.03843046712452277
1780,-542558,-1122.008421565352,-0.006688660461072178,0.03924231205619272
1800,-547409,-1131.8983151005225,-0.00750870194202445,0.040062353537145
1820,-552260,-1141.788208635693,-0.008319425100809479,0.04087307669593001
1840,-557111,-1151.6781021708637,-0.009117831554306139,0.041671483149426675
1860,-561962,-1161.567995706034,-0.009904218039281962,0.0424578696344025
1880,-566813,-1171.4578892412048,-0.010712615638405384,0.04326626723352594
1900,-571664,-1181.3477827763752,-0.011580134649960086,0.04413378624508063
1920,-576515,-1191.2376763115458,-0.012495851608880575,0.045049503204001126
1940,-581366,-1201.1275698467164,-0.01346572116928483,0.046019372764405375
1960,-586217,-1211.017463381887,-0.01448095797259896,0.04703460956771952
1980,-591068,-1220.9073569170573,-0.015544175285619804,0.04809782688074036
1993,-594137,-1227.3357877149183,-0.016267882920058607,0.048821534515179156
2000,-594137,-1223.8743249776087,-0.01618398569992071,0.04890543173531706
2020,-594137,-1213.984431442438,-0.016117961218798375,0.0489714562164394
2040,-594137,-1204.0945379072675,-0.01605193674025751,0.04903748069498027
2060,-592837,-1194.204644372097,-0.015989267105371508,0.04910015032986627
2080,-587937,-1184.3147508369266,-0.015935887903418846,0.049153529531818924
2100,-583137,-1174.4248573017558,-0.015882250635991767,0.04920716679924599
2120,-578237,-1164.5349637665854,-0.015828871436614246,0.04926054599862353
2140,-573437,-1154.6450702314148,-0.015775234171785786,0.049314183263452
2160,-568537,-1144.7551766962442,-0.015721854974983327,0.04936756246025447
2180,-563737,-1134.8652831610736,-0.01566821771275355,0.049421199722484245
2200,-558837,-1124.9753896259033,-0.015614838518526183,0.049474578916711615
2220,-554037,-1115.0854960907325,-0.01556120125889506,0.049528216176342725
2240,-549137,-1105.1956025555621,-0.015507822067242815,0.049581595367994974
2260,-544337,-1095.3057090203915,-0.015454184810210311,0.04963523262502748
2280,-539437,-1085.415815485221,-0.01540080562113316,0.04968861181410462
2300,-534637,-1075.5259219500504,-0.01534716836669934,0.04974224906853845
2320,-529737,-1065.6360284148777,-0.015293789180197241,0.04979562825504053
2340,-524937,-1055.7461348797049,-0.015240151928362056,0.04984926550687572
2360,-520037,-1045.8562413445318,-0.015186772744435102,0.049902644690802675
2380,-515237,-1035.966347809359,-0.015133135495198555,0.04995628194003921
2400,-510337,-1026.076454274186,-0.015079756313846698,0.050009661121391054
2420,-505537,-1016.1865607390131,-0.01502611906720877,0.05006329836802899
2440,-500737,-1006.2966672038401,-0.014972481821876072,0.050116935613361696
2460,-495837,-996.4067736686671,-0.014919102644392772,0.05017031479084498
2480,-488037,-980.5829440123905,-0.014833592736475209,0.050255824698762545
2500,-468737,-941.0233698716988,-0.014619301848145323,0.05047011558709242
2520,-449337,-901.463795731007,-0.014405269047035806,0.05068414838820195
2540,-429937,-861.9042215903153,-0.014191236266621306,0.05089818116861643
2560,-410537,-822.3446474496235,-0.01397720350690181,0.051112213928335926
2580,-391137,-782.7850733089317,-0.013763170767877333,0.051326246667360395
2600,-371737,-743.22549916824,-0.013549138049547875,0.05154027938568985
2620,-352337,-703.6659250275483,-0.013335105351913413,0.0517543120833243
2640,-332937,-664.1063508868565,-0.013121072674973977,0.051968344760263734
2660,-313537,-624.5467767461647,-0.012907040018729572,0.05218237741650813
2680,-294137,-584.9872026054729,-0.01269300738318018,0.052396410052057515
2700,-274737,-545.4276284647813,-0.012478974768325797,0.052610442666911894
2720,-255437,-505.8680543240894,-0.012264684108206044,0.05282473332703166
2740,-113837,-217.08316309704298,-0.010702195185018873,0.05438722225021883
2760,80063,178.51257830986918,-0.008561613827808212,0.0565278036074295
2780,239063,502.90108626353765,-0.00677928580210813,0.05831013163312958
2800,258463,542.4606604042294,-0.0064466213906276895,0.05864279604461003
2820,277863,582.0202345449212,-0.006056194191461222,0.05903322324377651
2840,297263,621.5798086856129,-0.005626188255622796,0.05946322917961494
2860,316663,661.1393828263047,-0.005153945578538314,0.05993547185669944
2880,336063,700.6989569669964,-0.004617109888185568,0.06047230754705218
2900,355463,740.2585311076882,-0.004005302210645845,0.06108411522459189
2920,374863,779.81810524838,-0.003305392837444921,0.0617840245977928
2940,394263,819.3776793890717,-0.0025206884476965535,0.06256872898754115
2960,413563,858.9372535297634,-0.0016603357052358595,0.06342908173000184
2980,432963,898.4968276704552,-0.0007364187839491263,0.06435299865128857
3000,452363,938.056401811147,0.00023407813106622233,0.06532349556630392
3020,471763,977.6159759518388,0.001238625022296299,0.06632804245753399
3040,480963,996.4067736686673,0.0017241048718041655,0.06681352230704184
3060,485863,1006.2966672038402,0.0019821828120824745,0.06707160024732019
3080,490663,1016.1865607390132,0.0022416288584023287,0.06733104629364003
3100,495563,1026.076454274186,0.0025016440792767205,0.06759106151451441
3120,500363,1035.9663478093591,0.002764154981124213,0.06785357241636189
3140,505263,1045.856241344532,0.003030783708429821,0.06812020114366749
3160,510063,1055.746134879705,0.0033068140488200725,0.06839623148405775
3180,514963,1065.6360284148777,0.003588824925841007,0.06867824236107867
3200,519763,1075.5259219500504,0.003879494094895993,0.06896891153013365
3220,524663,1085.415815485221,0.004181959364422494,0.06927137679966017
3240,529463,1095.3057090203915,0.004508658236216037,0.06959807567145374
3260,534363,1105.1956025555621,0.004861876608948093,0.06995129404418576
3280,539163,1115.0854960907325,0.005247948250154754,0.07033736568539244
3300,544063,1124.9753896259033,0.005684342013465571,0.07077375944870323
3320,548863,1134.8652831610736,0.006207144319495702,0.07129656175473338
3340,553663,1144.7551766962442,0.006837329234325942,0.07192674666956361
3360,558563,1154.6450702314148,0.0075771754464131905,0.07266659288165082
3380,563363,1164.5349637665854,0.00841060130720833,0.07350001874244598
3400,568263,1174.4248573017558,0.009306820482384766,0.07439623791762244
3420,573063,1184.3147508369266,0.010233648423070995,0.07532306585830868
3440,577963,1194.204644372097,0.011192263797360637,0.07628168123259835
3460,582763,1204.0945379072675,0.012173115562387366,0.07726253299762505
3480,587663,1213.984431442438,0.01316995542027348,0.07825937285551117
3500,592463,1223.8743249776087,0.014190129945131299,0.07927954738036902
3520,597363,1233.7642185127793,0.01523874753778289,0.0803281649730206
3539,601963,1243.1596173711912,0.016298713794179395,0.08138813122941713
3540,601963,1242.6651226944327,0.016235258314721293,0.08145158670887523
3560,601963,1232.7752291592622,0.016169220939609135,0.08151762408398737
3580,601963,1222.8853356240916,0.01610319611422708,0.08158364890936942
3600,601963,1212.995442088921,0.016037171291518576,0.08164967373207796
3620,597112,1203.1055485537506,0.015983665393090873,0.08170317963050566
3640,592261,1193.2156550185798,0.015930159523341387,0.08175668550025515
3660,587509,1183.3257614834095,0.015876398166194263,0.08181044685740227
3680,582658,1173.4358679482386,0.015822892299121784,0.08186395272447476
3700,577807,1163.5459744130683,0.015769386433381754,0.0819174585902148
3720,572956,1153.6560808778977,0.015715880568974157,0.0819709644546224
3740,568105,1143.766187342727,0.015662374705899013,0.08202447031769756
3760,563254,1133.8762938075565,0.015608868844156305,0.08207797617944029
3780,558403,1123.9864002723862,0.015555362983746067,0.0821314820398505
3800,553552,1114.0965067372153,0.015501857124668249,0.08218498789892834
3820,548701,1104.206613202045,0.015448351266922906,0.08223849375667368
3840,543850,1094.3167196668744,0.015394845410510007,0.0822919996130866
3860,538999,1084.4268261317038,0.015341339555429523,0.08234550546816709
3880,534148,1074.5369325965332,0.01528783370168152,0.08239901132191507
3900,529297,1064.6470390613606,0.015234327849265938,0.08245251717433066
3920,524446,1054.7571455261875,0.015180821998182804,0.08250602302541381
3940,519595,1044.8672519910147,0.015127316148432123,0.0825595288751645
3960,514744,1034.9773584558416,0.015073810300013871,0.08261303472358274
3980,509893,1025.0874649206687,0.015020304452928079,0.08266654057066854
4000,505042,1015.1975713854958,0.01496679860717473,0.0827200464164219
4020,500191,1005.3076778503228,0.014913292762753832,0.08277355226084279
4040,495340,995.4177843151499,0.014859786919665396,0.08282705810393126
4060,486133,976.6269865983213,0.014758100272620487,0.08292874475097617
4080,466729,937.0674124576295,0.014544076923722612,0.08314276809987406
4100,447325,897.5078383169378,0.014330053596143874,0.0833567914274528
4120,428020,857.948264176246,0.014115774801551961,0.08357107022204469
4140,408616,818.3886900355543,0.013901751516659918,0.08378509350693676
4160,389212,778.8291158948625,0.013687728253087048,0.0839991167705096
4180,369808,739.2695417541707,0.013473705010833337,0.08421314001276334
4200,350404,699.709967613479,0.013259681789898803,0.08442716323369788
4220,331000,660.1503934727872,0.013045658590283442,0.08464118643331325
4240,311596,620.5908193320955,0.012831635411987253,0.08485520961160946
4260,292192,581.0312451914037,0.012617612255010244,0.08506923276858647
4280,272887,541.471671050712,0.012403333631406869,0.08528351139218981
4300,253483,501.91209691002024,0.012189310517116563,0.08549753450648012
4320,94489,177.5235889563518,0.010434015199094706,0.08725282982450194
4340,-99452,-218.07215245056042,0.00829353149048325,0.08939331353311344
4360,-241022,-506.8570436776068,0.0067252595377405265,0.09096158548585619
4380,-260426,-546.4166178182986,0.0064600799469586734,0.09122676507663806
4400,-279830,-585.9761919589903,0.006122683046492014,0.09156416197710472
4420,-299234,-625.5357660996821,0.005709173960832837,0.09197767106276389
4440,-318539,-665.0953402403738,0.005236858490573039,0.0924499865330237
4460,-337943,-704.6549143810656,0.004709530888162768,0.09297731413543397
4480,-357347,-744.2144885217574,0.0040987321667007555,0.09358811285689601
4500,-376751,-783.7740626624491,0.003386970326892354,0.09429987469670442
4520,-396155,-823.3336368031408,0.002556203283448173,0.0951306417401486
4540,-415559,-862.8932109438326,0.0016077947975490087,0.09607905022604774
4560,-434963,-902.4527850845244,0.0005527133501363186,0.09713413167346047
4580,-454367,-942.0123592252162,-0.000591277475654449,0.09827812249925125
4600,-473672,-981.5719333659079,-0.0018028485691882737,0.09948969359278509
4620,-481493,-997.3957630221846,-0.002299760811551997,0.0999866058351488
4640,-486344,-1007.2856565573575,-0.0026140925091443406,0.10030093753274112
4660,-491195,-1017.1755500925304,-0.0029315216940742034,0.100618366717671
4680,-496046,-1027.0654436277034,-0.0032512612284262866,0.1009381062520231
4700,-500897,-1036.9553371628763,-0.003572606118074193,0.101259451141671
4720,-505748,-1046.8452306980494,-0.0038951800904060197,0.10158202511400283
4740,-510599,-1056.7351242332222,-0.004218899385497248,0.10190574440909406
4760,-515450,-1066.625017768395,-0.00454357892870495,0.10223042395230175
4780,-520301,-1076.5149113035675,-0.004869321927873166,0.10255616695146999
4800,-525152,-1086.4048048387378,-0.0051965156987484155,0.10288336072234523
4820,-530003,-1096.2946983739084,-0.00552459420693587,0.10321143923053265
4840,-534755,-1106.184591909079,-0.0058544052737905874,0.10354125029738737
4860,-539606,-1116.0744854442496,-0.006187103546795463,0.10387394857039225
4880,-544457,-1125.9643789794202,-0.0065315770853239296,0.10421842210892072
4900,-549308,-1135.8542725145908,-0.00688497719449898,0.1045718222180958
4920,-554159,-1145.7441660497611,-0.007245133553026784,0.1049319785766236
4940,-559010,-1155.634059584932,-0.007613202827433298,0.10530004785103012
4960,-563861,-1165.5239531201023,-0.007993628991933389,0.1056804740155302
4980,-568712,-1175.413846655273,-0.008390744907776089,0.10607758993137291
5000,-573563,-1185.3037401904435,-0.008812763586862334,0.10649960861045914
5020,-578414,-1195.193633725614,-0.009270276652558695,0.1069571216761555
5040,-583265,-1205.0835272607844,-0.009779401117667917,0.10746624614126471
5060,-588116,-1214.9734207959552,-0.010375739553146331,0.10806258457674314
5080,-592967,-1224.8633143311256,-0.011131913160228693,0.1088187581838255
5100,-597818,-1234.7532078662964,-0.011987696632711103,0.10967454165630791
5120,-602669,-1244.6431014014668,-0.012905607082143495,0.1105924521057403
5140,-607520,-1254.5329949366374,-0.01388100786874576,0.11156785289234254
5160,-612371,-1264.4228884718082,-0.014936502216496863,0.11262334724009368
5180,-617222,-1274.3127820069785,-0.016052952968602374,0.1137397979921992
5184,-618212,-1276.2907607140128,-0.016283750299022234,0.11397059532261905
5200,-618212,-1268.378845885876,-0.016168708408917615,0.11408563721272368
5220,-618212,-1258.4889523507056,-0.01610268330781858,0.1141516623138227
5240,-618212,-1248.599058815535,-0.016036658209587575,0.1142176874120537
5260,-614612,-1238.7091652803645,-0.015979923689542503,0.11427442193209876
5280,-609712,-1228.8192717451939,-0.01592654413885274,0.11432780148278852
5300,-604912,-1218.9293782100235,-0.015872906517282234,0.11438143910435902
5320,-600112,-1209.0394846748527,-0.015819268897138566,0.11443507672450269
5340,-595212,-1199.1495911396823,-0.015765889350676625,0.11448845627096467
5360,-590412,-1189.2596976045115,-0.015712251733373407,0.1145420938882679
5380,-585512,-1179.3698040693412,-0.015658872189725642,0.11459547343191565
5400,-580712,-1169.4799105341706,-0.015605234575262868,0.11464911104637841
5420,-575812,-1159.590016999,-0.015551855034429265,0.11470249058721202
5440,-571012,-1149.7001234638294,-0.01549821742280696,0.11475612819883434
5460,-566112,-1139.810229928659,-0.01544483788478754,0.11480950773685378
5480,-561312,-1129.9203363934882,-0.015391200276005702,0.11486314534563559
5500,-556412,-1120.0304428583179,-0.015337820740800439,0.11491652488084086
5520,-551612,-1110.1405493231473,-0.015284183134859065,0.11497016248678221
5540,-546712,-1100.2506557879767,-0.015230803602467988,0.11502354201917328
5560,-541912,-1090.3607622528061,-0.015177165999367057,0.11507717962227422
5580,-537012,-1080.4708687176355,-0.015123786469790148,0.11513055915185112
5600,-532212,-1070.5809751824643,-0.015070148869529695,0.11518419675211156
5620,-527312,-1060.6910816472914,-0.015016769342766937,0.1152375762788743
5640,-522512,-1050.8011881121183,-0.014963131745346908,0.11529121387629433
5660,-517612,-1040.9112945769455,-0.014909752221398329,0.11534459340024292
5680,-512812,-1031.0214010417724,-0.014856114626818767,0.11539823099482242
5700,-507912,-1021.1315075065995,-0.01480273510568436,0.11545161051595683
5720,-503112,-1011.2416139714267,-0.014749097513945257,0.11550524810769595
5740,-498212,-1001.3517204362537,-0.014695717995625017,0.11555862762601618
5760,-493412,-991.4618269010808,-0.014642080406726387,0.11561226521491481
5780,-478412,-960.8031569420447,-0.014476113576533752,0.11577823204510745
5800,-459012,-921.2435828013529,-0.014262079396607657,0.11599226622503357
5820,-439612,-881.6840086606611,-0.014048045239300101,0.11620630038234112
5840,-420212,-842.1244345199694,-0.013834011104611075,0.11642033451703013
5860,-400812,-802.5648603792777,-0.013619976992540597,0.11663436862910058
5880,-381412,-763.0052862385859,-0.013405942903088636,0.11684840271855257
5900,-362012,-723.4457120978941,-0.013191908836255211,0.11706243678538598
5920,-342612,-683.8861379572023,-0.012977874792040347,0.11727647082960088
5940,-323212,-644.3265638165107,-0.012763840770444021,0.11749050485119723
5960,-303912,-604.7669896758189,-0.012549548700001353,0.11770479692163988
5980,-284512,-565.2074155351271,-0.012335514723694695,0.11791883089794652
6000,-265112,-525.6478413944353,-0.012121480770006587,0.11813286485163463
6020,-210812,-414.8810338004993,-0.011522134205768053,0.11873221141587315
6040,-16912,-19.285292393586904,-0.009381538475645419,0.12087280714599576
6060,176988,376.31044901332547,-0.007240945008431146,0.12301340061321003
6080,248788,522.6808733338835,-0.006439860780544698,0.12381448484109649
6100,268188,562.2404474745753,-0.006168438343439638,0.12408590727820155
6120,287588,601.800021615267,-0.005815008963354351,0.12443933665828683
6140,306988,641.3595957559588,-0.0053813402734466855,0.12487300534819451
6160,326388,680.9191698966506,-0.004879606824608957,0.12537473879703223
6180,345688,720.4787440373423,-0.0043093776108245494,0.12594496801081664
6200,365088,760.038318178034,-0.003639747891638586,0.12661459773000258
6220,384488,799.5978923187258,-0.0028500969594628016,0.12740424866217834
6240,403888,839.1574664594176,-0.0019145422642052328,0.12833980335743592
6260,423288,878.7170406001094,-0.0008380739373227674,0.12941627168431843
6280,442688,918.276614740801,0.00036478059358314676,0.13061912621522437
6300,462088,957.8361888814928,0.001672333631392014,0.13192667925303328
6320,478588,991.4618269010809,0.002842572652283993,0.1330969182739253
6340,483388,1001.3517204362538,0.003194620972170111,0.1334489665938114
6360,488288,1011.2416139714268,0.003548859621296716,0.13380320524293804
6380,493088,1021.1315075065996,0.003907832006045429,0.13416217762768673
6400,497988,1031.0214010417726,0.004268411627513988,0.13452275724915527
6420,502788,1040.9112945769457,0.0046313143730331635,0.13488565999467447
6440,507688,1050.8011881121186,0.004994833367049718,0.135249178988691
6460,512488,1060.6910816472914,0.005360437800300535,0.13561478342194175
6480,517388,1070.5809751824643,0.005726858704524531,0.1359812043261658
6500,522188,1080.4708687176355,0.006095613344643826,0.1363499589662851
6520,527088,1090.3607622528061,0.0064648985667211,0.13671924418836234
6540,531888,1100.2506557879767,0.006836387660557966,0.13709073328219915
6560,536788,1110.1405493231473,0.007208417043824402,0.13746276266546548
6580,541588,1120.0304428583179,0.007582479915901201,0.13783682553754234
6600,546388,1129.9203363934882,0.007957640560959694,0.1382119861826008
6620,551288,1139.810229928659,0.008332731642243211,0.13858707726388433
6640,556088,1149.7001234638294,0.008709772289041608,0.13896411791068272
6660,560988,1159.590016999,0.009095724465202508,0.1393500700868437
6680,565788,1169.4799105341706,0.009491674784235887,0.13974602040587703
6700,570688,1179.3698040693412,0.009893507775372134,0.14014785339701327
6720,575488,1189.2596976045115,0.010307915957699042,0.14056226157934018
6740,580388,1199.1495911396823,0.010739812325501022,0.14099415794714212
6760,585188,1209.0394846748527,0.011200078398477609,0.14145442402011876
6780,590088,1218.9293782100235,0.011699182083641747,0.141953527705283
6800,594888,1228.8192717451939,0.012262718331922311,0.14251706395356356
6820,599788,1238.7091652803645,0.012971182551558652,0.1432255281731999
6840,604588,1248.599058815535,0.01388903637200349,0.14414338199364476
6860,609488,1258.4889523507056,0.014890253097117672,0.14514459871875887
6880,614288,1268.378845885876,0.01594768649720971,0.14620203211885097
6886,615788,1271.3458139464274,0.016273995256238055,0.14652834087787928
6900,615788,1264.4228884718082,0.016169940057869803,0.14663239607624756
6920,615788,1254.5329949366374,0.016103915477986924,0.14669842065613042
6940,615788,1244.6431014014668,0.016037890900972025,0.14676444523314533
6960,612620,1234.7532078662964,0.015980041921994315,0.14682229421212306
6980,607868,1224.8633143311256,0.015926280784014715,0.14687605535010262
7000,603017,1214.9734207959552,0.015872775135666636,0.1469295609984507
7020,598166,1205.0835272607844,0.015819269488731955,0.1469830666453854
7040,593315,1195.193633725614,0.01576576384321062,0.14703657229090678
7060,588464,1185.3037401904435,0.015712258199102696,0.14709007793501475
7080,583613,1175.413846655273,0.015658752556408168,0.1471435835777093
7100,578762,1165.5239531201023,0.015605246915127022,0.14719708921899044
7120,573911,1155.634059584932,0.015551741275259257,0.14725059485885827
7140,569060,1145.7441660497611,0.015498235636804894,0.1473041004973127
7160,564209,1135.8542725145908,0.01544472999976391,0.14735760613435364
7180,559358,1125.9643789794202,0.015391224364136313,0.14741111176998126
7200,554507,1116.0744854442496,0.015337718729922099,0.14746461740419547
7220,549656,1106.184591909079,0.015284213097121286,0.14751812303699632
7240,544805,1096.2946983739084,0.015230707465733856,0.14757162866838372
7260,539954,1086.4048048387378,0.015177201835759812,0.14762513429835772
7280,535103,1076.5149113035675,0.015123696207199175,0.1476786399269184
7300,530252,1066.625017768395,0.015070190580051884,0.14773214555406566
7320,525401,1056.735124233222,0.015016684954318002,0.14778565117979955
7340,520550,1046.8452306980491,0.014963179329997524,0.14783915680412
7360,515699,1036.9553371628763,0.014909673707090386,0.14789266242702712
7380,510848,1027.0654436277034,0.014856168085596666,0.14794616804852084
7400,505997,1017.1755500925303,0.014802662465516335,0.14799967366860117
7420,501146,1007.2856565573574,0.014749156846849392,0.1480531792872681
7440,496295,997.3957630221845,0.014695651229595841,0.1481066849045217
7460,490058,984.5389014264597,0.014625915087757036,0.14817642104636047
7480,470654,944.9793272857679,0.014411892640262757,0.14839044349385475
7500,451250,905.4197531450761,0.014197870215382697,0.1486044659187348
7520,431846,865.8601790043845,0.013983847813116892,0.14881848832100059
7540,412442,826.3006048636927,0.01376982543346527,0.14903251070065218
7560,393038,786.7410307230009,0.013555803076427913,0.14924653305768953
7580,373634,747.1814565823091,0.013341780742004762,0.14946055539211273
7600,354329,707.6218824416173,0.013127502942671405,0.14967483319144612
7620,334925,668.0623083009257,0.012913480653528804,0.14988885548058867
7640,315521,628.5027341602339,0.012699458387000404,0.15010287774711706
7660,296117,588.9431600195421,0.012485436143086252,0.1503168999910312
7680,276713,549.3835858788503,0.012271413921786338,0.1505309222123311
7700,257309,509.82401173815856,0.012057391723100656,0.15074494441101677
7720,133262,256.64273723773425,0.010687292505314262,0.15211504362880315
7740,-60679,-138.953004169178,0.008546817723871546,0.15425551841024587
7760,-237097,-498.94512884946846,0.0065987514684299866,0.15620358466568743
7780,-256501,-538.5047029901602,0.006378258440546273,0.1564240776935711
7800,-275905,-578.064277130852,0.006115169316205318,0.1566871668179121
7820,-295309,-617.6238512715438,0.005778473901657386,0.15702386223246
7840,-314713,-657.1834254122356,0.005348864026897241,0.1574534721072202
7860,-334117,-696.7429995529272,0.004845124149428492,0.15795721198468898
7880,-353521,-736.302573693619,0.004272911044648857,0.1585294250894686
7900,-372925,-775.8621478343108,0.0035982215099802446,0.15920411462413717
7920,-392230,-815.4217219750026,0.002798041591572678,0.16000429454254478
7940,-411634,-854.9812961156944,0.0018455658720640828,0.1609567702620534
7960,-431038,-894.540870256386,0.000740906041651905,0.1620614300924656
7980,-450442,-934.1004443970778,-0.0005033178854675938,0.16330565401958513
8000,-469846,-973.6600185377696,-0.0018647644284555372,0.16466710056257305
8020,-480538,-995.41778431515,-0.002653237077061181,0.1654555732111787
8040,-485389,-1005.3076778503229,-0.003017417660804197,0.16581975379492173
8060,-490240,-1015.197571385496,-0.003386330963618711,0.16618866709773628
8080,-495091,-1025.087464920669,-0.0037588280908401783,0.1665611642249578
8100,-499942,-1034.9773584558418,-0.004135866583184967,0.16693820271730261
8120,-504793,-1044.8672519910147,-0.0045155526302473855,0.16731788876436504
8140,-509545,-1054.7571455261877,-0.004897863066592975,0.16770019920071064
8160,-514396,-1064.6470390613606,-0.005280970203426155,0.16808330633754384
8180,-519247,-1074.5369325965332,-0.005665641257567806,0.16846797739168554
8200,-524098,-1084.4268261317038,-0.006051908886369379,0.16885424502048713
8220,-528949,-1094.3167196668744,-0.006440365450426417,0.16924270158454413
8240,-533800,-1104.206613202045,-0.006830165840746946,0.1696325019748647
8260,-538651,-1114.0965067372153,-0.007221509686570024,0.17002384582068775
8280,-543502,-1123.9864002723862,-0.007614574402177799,0.17041691053629554
8300,-548353,-1133.8762938075565,-0.008009136094310594,0.17081147222842832
8320,-553204,-1143.766187342727,-0.008404503182186064,0.17120683931630373
8340,-558055,-1153.6560808778977,-0.008800638518303611,0.1716029746524214
8360,-562906,-1163.5459744130683,-0.009197215732183895,0.17199955186630167
8380,-567757,-1173.4358679482386,-0.009594372694495172,0.1723967088286129
8400,-572608,-1183.3257614834095,-0.009992005114834184,0.17279434124895193
8420,-577459,-1193.2156550185798,-0.010390163762350513,0.1731924998964683
8440,-582310,-1203.1055485537506,-0.010790522773079455,0.1735928589071972
8460,-587161,-1212.995442088921,-0.011203703633770441,0.1740060397678882
8480,-592012,-1222.8853356240916,-0.011626706191239927,0.17442904232535766
8500,-596863,-1232.7752291592622,-0.012062735453801212,0.17486507158791892
8520,-601714,-1242.6651226944327,-0.012520613391921443,0.1753229495260392
8540,-606565,-1252.555016229603,-0.013004559876157402,0.17580689601027516
8560,-611416,-1262.444909764774,-0.013522129830110892,0.17632446596422865
8580,-616267,-1272.3348032999443,-0.01414061226911136,0.1769429484032292
8600,-621118,-1282.2246968351149,-0.015040618148527828,0.17784295428264568
8620,-625969,-1292.1145903702857,-0.016080372528542015,0.17888270866265993
8623,-626662,-1293.5980744005612,-0.01624689782403298,0.17904923395815087
8640,-626662,-1285.191664895666,-0.016131317150658592,0.17916481463152525
8660,-626662,-1275.3017713604956,-0.016065291954711992,0.17923083982747184
8680,-626662,-1265.411877825325,-0.015999266761716962,0.17929686502046688
8700,-622862,-1255.5219842901545,-0.015943048326690225,0.17935308345549356
8720,-617962,-1245.632090754984,-0.01588966872668681,0.179406463055497
8740,-613162,-1235.7421972198133,-0.015836031054911482,0.17946010072727228
8760,-608262,-1225.8523036846427,-0.01578265145779021,0.17951348032439346
8780,-603462,-1215.9624101494724,-0.015729013788924134,0.17956711799325956
8800,-598562,-1206.0725166143015,-0.01567563419468504,0.17962049758749865
8820,-593762,-1196.1826230791312,-0.015621996528728201,0.17967413525345546
8840,-588962,-1186.2927295439606,-0.015568358864232766,0.17972777291795092
8860,-584062,-1176.40283600879,-0.015514979274323657,0.17978115250786003
8880,-579262,-1166.5129424736194,-0.015461341612737498,0.17983479016944617
8900,-574362,-1156.623048938449,-0.015407962025710537,0.17988816975647312
8920,-569562,-1146.7331554032783,-0.015354324367033637,0.17994180741514998
8940,-564662,-1136.843261868108,-0.01530094478288883,0.1799951869992948
8960,-559862,-1126.953368332937,-0.01524730712712119,0.18004882465506244
8980,-554962,-1117.0634747977667,-0.015193927545858557,0.18010220423632517
9000,-550162,-1107.1735812625961,-0.015140289893000139,0.1801558418891836
9020,-545262,-1097.2836877274256,-0.01508691031461968,0.18020922146756402
9040,-540462,-1087.393794192255,-0.015033272664670527,0.1802628591175132
9060,-535562,-1077.5039006570846,-0.014979893089172205,0.18031623869301144
9080,-530762,-1067.6140071219124,-0.01492625544213229,0.18036987634005128
9100,-525862,-1057.7241135867393,-0.014872875869516126,0.18042325591266742
9120,-521062,-1047.8342200515665,-0.014819238225385471,0.18047689355679805
9140,-516162,-1037.9443265163936,-0.01476585865565144,0.18053027312653203
9160,-511362,-1028.0544329812205,-0.014712221014430043,0.1805839107677534
9180,-506462,-1018.1645394460476,-0.014658841447578194,0.18063729033460527
9200,-501662,-1008.2746459108747,-0.014605203809266042,0.18069092797291744
9220,-496762,-998.3847523757017,-0.014551824245296335,0.18074430753688717
9240,-491962,-988.4948588405289,-0.014498186609893446,0.18079794517229
9260,-472562,-948.9352846998371,-0.014284152228522489,0.18101197955366097
9280,-453162,-909.3757105591453,-0.014070117870317192,0.1812260139118663
9300,-433762,-869.8161364184535,-0.01385608353527755,0.181440048246906
9320,-414362,-830.2565622777619,-0.013642049223403578,0.18165408255877988
9340,-394962,-790.6969881370701,-0.013428014934695252,0.18186811684748821
9360,-375662,-751.1374139963783,-0.013213722596610293,0.18208240918557322
9380,-356262,-711.5778398556865,-0.012999688354287478,0.182296443427896
9400,-336862,-672.0182657149948,-0.012785654135130331,0.18251047764705314
9420,-317462,-632.4586915743031,-0.012571619939138858,0.18272451184304458
9440,-298062,-592.8991174336113,-0.012357585766313042,0.18293854601587037
9460,-278662,-553.3395432929195,-0.012143551616652907,0.18315258016553043
9480,-259262,-513.7799691522277,-0.011929517490158423,0.18336661429202497
9500,-152662,-296.20231137842546,-0.010752072136606238,0.18454405964557716
9520,41338,99.39343002848676,-0.008611733420428307,0.18668439836175516
9540,235238,494.98917143539927,-0.006471138949984855,0.18882499283219864
9560,254638,534.548745576091,-0.006251774524769316,0.18904435725741417
9580,273938,574.1083197167828,-0.005993827011455142,0.18930230477072832
9600,293338,613.6678938574746,-0.00565612602330489,0.18964000575887857
9620,312738,653.2274679981664,-0.005223820503052406,0.19007231127913107
9640,332138,692.7870421388582,-0.0047134253563687984,0.19058270642581465
9660,351538,732.3466162795498,-0.004130734056632962,0.1911653977255504
9680,370938,771.9061904202416,-0.003441005786176895,0.19185512599600654
9700,390338,811.4657645609334,-0.0026170511339332885,0.19267908064825015
9720,409738,851.0253387016252,-0.001630624906725593,0.19366550687545786
9740,429138,890.584912842317,-0.00047807003920985724,0.19481806174297353
9760,448538,930.1444869830086,0.0008254955184054884,0.19612162730058888
9780,467938,969.7040611237004,0.002256282617846706,0.19755241440003013
9800,480038,994.4287949616327,0.0031984823818385594,0.19849461416402198
9820,484838,1004.3186884968056,0.0035834868574132336,0.19887961863959663
9840,489738,1014.2085820319786,0.003970985478346172,0.19926711726052965
9860,494538,1024.0984755671516,0.004364079481287464,0.19966021126347086
9880,499438,1033.9883691023244,0.004759969175243186,0.20005610095742662
9900,504238,1043.8782626374973,0.0051589361864799906,0.2004550679686634
9920,509138,1053.7681561726704,0.005558936195387662,0.20085506797757105
9940,513938,1063.6580497078432,0.005961566755741425,0.2012576985379248
9960,518838,1073.5479432430163,0.006365231498781596,0.2016613632809649
9980,523638,1083.4378367781867,0.0067714726701017785,0.20206760445228505
10000,528538,1093.3277303133575,0.007178832232149549,0.2024749640143328
10020,533338,1103.2176238485279,0.007588915459671728,0.202885047241855
10040,538238,1113.1075173836985,0.00799947329816902,0.20329560508035227
10060,543038,1122.997410918869,0.00841271169932129,0.20370884348150453
10080,547938,1132.8873044540396,0.00882618455458374,0.20412231633676703
10100,552738,1142.77719798921,0.009241230170404492,0.20453736195258776
10120,557538,1152.6670915243808,0.00965699378771706,0.20495312556990025
10140,562438,1162.5569850595512,0.010072438579746807,0.20536857036193
10160,567238,1172.446878594722,0.010489240919749732,0.20578537270193292
10180,572138,1182.3367721298923,0.010905540652053007,0.20620167243423618
10200,576938,1192.226665665063,0.011323105166847227,0.20661923694903045
10220,581838,1202.1165592002335,0.011739963318699795,0.20703609510088306
10240,586638,1212.006452735404,0.012158066602044926,0.20745419838422818
10260,591538,1221.8963462705744,0.012586155222837157,0.20788228700502037
10280,596338,1231.7862398057453,0.013028537110988433,0.20832466889317164
10300,601238,1241.6761333409156,0.013488377021827442,0.20878450880401064
10320,606038,1251.5660268760862,0.013978349020995689,0.20927448080317881
10340,610938,1261.4559204112568,0.01451163182755509,0.2098077636097382
10360,615738,1271.3458139464274,0.01522434532905101,0.21052047711123417
10380,620638,1281.235707481598,0.016221095133271756,0.21151722691545496
10381,620838,1281.7302021583564,0.016275154982755728,0.21157128676493892
10400,620838,1272.3348032999443,0.01615635172261293,0.21169009002508177
10420,620838,1262.444909764774,0.016090327032855376,0.21175611471483932
10440,620838,1252.555016229603,0.0160243023460485,0.21182213940164618
10460,616581,1242.6651226944327,0.015969263663231748,0.21187717808446296
10480,611730,1232.7752291592622,0.01591575794433795,0.21193068380335672
10500,606879,1222.8853356240916,0.01586225222689127,0.21198418952080336
10520,602028,1212.995442088921,0.015808746510891748,0.2120376952368029
10540,597177,1203.1055485537506,0.01575524079633936,0.21209120095135528
10560,592326,1193.2156550185798,0.015701735083234098,0.21214470666446053
10580,587475,1183.3257614834095,0.01564822937157598,0.2121982123761186
10600,582624,1173.4358679482386,0.015594723661364992,0.21225171808632962
10620,577773,1163.5459744130683,0.015541217952601171,0.2123052237950934
10640,572922,1153.6560808778977,0.01548771224528447,0.21235872950241014
10660,568071,1143.766187342727,0.01543420653941489,0.21241223520827965
10680,563220,1133.8762938075565,0.015380700834992456,0.21246574091270212
10700,558369,1123.9864002723862,0.015327195132017175,0.2125192466156774
10720,553518,1114.0965067372153,0.01527368943048901,0.21257275231720557
10740,548667,1104.206613202045,0.015220183730408015,0.21262625801728657
10760,543816,1094.3167196668744,0.015166678031774117,0.2126797637159205
10780,538965,1084.4268261317038,0.015113172334587387,0.21273326941310722
10800,534114,1074.5369325965332,0.015059666638847795,0.2127867751088468
10820,529263,1064.6470390613606,0.015006160944555308,0.2128402808031393
10840,524412,1054.7571455261875,0.014952655251709978,0.21289378649598462
10860,519561,1044.8672519910147,0.014899149560311773,0.2129472921873828
10880,514710,1034.9773584558416,0.0148456438703607,0.21300079787733384
10900,509859,1025.0874649206687,0.014792138181856773,0.2130543035658378
10920,505008,1015.1975713854958,0.014738632494799985,0.2131078092528946
10940,500157,1005.3076778503228,0.014685126809190348,0.2131613149385043
10960,495306,995.4177843151499,0.014631621125027836,0.21321482062266686
10980,486099,976.6269865983213,0.01452993478023703,0.2133165069674577
11000,466794,937.0674124576295,0.01431565658042676,0.21353078516726798
11020,447390,897.5078383169378,0.01410163389245954,0.21374480785523525
11040,427986,857.948264176246,0.01388761122764654,0.21395883052004824
11060,408582,818.3886900355543,0.013673588585987774,0.214172853161707
11080,389178,778.8291158948625,0.013459565967483208,0.21438687578021157
11100,369774,739.2695417541707,0.013245543372132858,0.2146008983755619
11120,350370,699.709967613479,0.01303152079993673,0.21481492094775798
11140,330966,660.1503934727872,0.012817498250894826,0.21502894349679988
11160,311661,620.5908193320955,0.012603220236801039,0.21524322151089362
11180,292257,581.0312451914037,0.012389197734121216,0.21545724401357344
11200,272853,541.471671050712,0.01217517525459563,0.215671266493099
11220,253449,501.91209691002024,0.011961152798224248,0.21588528894947037
11240,94455,177.5235889563518,0.010205862944230294,0.21764057880346438
11260,-99486,-218.07215245056042,0.008065386066222159,0.21978105568147255
11280,-241056,-506.8570436776068,0.006502792482001456,0.22134364926569322
11300,-260460,-546.4166178182986,0.006285018699092188,0.22156142304860246
11320,-279765,-585.9761919589903,0.0060321425632336315,0.221814299184461
11340,-299169,-625.5357660996821,0.00570227286624508,0.22214416888144953
11360,-318573,-665.0953402403738,0.005275026758699832,0.22257141498899483
11380,-337977,-704.6549143810656,0.0047656990621568265,0.22308074268553782
11400,-357381,-744.2144885217574,0.004185460058518159,0.22366098168917647
11420,-376785,-783.7740626624491,0.0034987681103515935,0.22434767363734304
11440,-396189,-823.3336368031408,0.0026788779634823153,0.2251675637842123
11460,-415593,-862.8932109438326,0.0016953782421932958,0.2261510635055013
11480,-434898,-902.4527850845244,0.0005423151103049038,0.22730412663738975
11500,-454302,-942.0123592252162,-0.0007632042241437164,0.2286096459718384
11520,-473706,-981.5719333659079,-0.002199350013671331,0.23004579176136597
11540,-481428,-997.3957630221846,-0.0028048247723890915,0.23065126652008378
11560,-486279,-1007.2856565573575,-0.0031877084725695,0.23103415022026416
11580,-491130,-1017.1755500925304,-0.0035761339509129647,0.23142257569860764
11600,-495981,-1027.0654436277034,-0.003968323236551482,0.23181476498424614
11620,-500832,-1036.9553371628763,-0.004365854314577302,0.23221229606227195
11640,-505683,-1046.8452306980494,-0.004767253681636545,0.2326136954293312
11660,-510534,-1056.7351242332222,-0.00517075795985077,0.23301719970754547
11680,-515385,-1066.625017768395,-0.005576281863713583,0.2334227236114083
11700,-520236,-1076.5149113035675,-0.005983331352616965,0.23382977310031167
11720,-525087,-1086.4048048387378,-0.006392344337320898,0.2342387860850156
11740,-529938,-1096.2946983739084,-0.006803605405427118,0.23465004715312185
11760,-534789,-1106.184591909079,-0.007216563836890124,0.23506300558458484
11780,-539640,-1116.0744854442496,-0.00763134359225855,0.23547778533995326
11800,-544491,-1125.9643789794202,-0.008048135232125385,0.2358945769798201
11820,-549342,-1135.8542725145908,-0.008466577985609429,0.2363130197333042
11840,-554193,-1145.7441660497611,-0.008886070228080144,0.23673251197577488
11860,-559044,-1155.634059584932,-0.009306046041557712,0.23715248778925244
11880,-563895,-1165.5239531201023,-0.009726778147174061,0.23757321989486874
11900,-568746,-1175.413846655273,-0.01014804350541115,0.23799448525310585
11920,-573597,-1185.3037401904435,-0.010569743855001437,0.23841618560269612
11940,-578448,-1195.193633725614,-0.010991800552738726,0.2388382423004334
11960,-583299,-1205.0835272607844,-0.011414276712580962,0.2392607184602756
11980,-588150,-1214.9734207959552,-0.011837069973984093,0.23968351172167873
12000,-593001,-1224.8633143311256,-0.012260020733664105,0.24010646248135875
12020,-597852,-1234.7532078662964,-0.01268320499642249,0.24052964674411714
12040,-602703,-1244.6431014014668,-0.013106525154850774,0.24095296690254547
12060,-607554,-1254.5329949366374,-0.013535819676850346,0.24138226142454497
12080,-612405,-1264.4228884718082,-0.013984008267706731,0.24183045001540135
12100,-617256,-1274.3127820069785,-0.0144585757574289,0.24230501750512357
12120,-622008,-1284.2026755421489,-0.014965522424585738,0.24281196417228046
12140,-626859,-1294.0925690773197,-0.01563053999990844,0.24347698174760313
12153,-630027,-1300.5209998751805,-0.016290077799078158,0.24413651954677282
12160,-630027,-1297.0595371378706,-0.01620917601376989,0.24421742133208107
12180,-630027,-1287.1696436027003,-0.016143150812475728,0.24428344653337525
12200,-630027,-1277.2797500675297,-0.01607712561417419,0.2443494717316768
12220,-628627,-1267.389856532359,-0.016014713417333615,0.24441188392851734
12240,-623827,-1257.4999629971885,-0.01596107574359101,0.24446552160225996
12260,-618927,-1247.6100694620181,-0.015907696144621845,0.24451890120122913
12280,-614127,-1237.7201759268473,-0.01585405847382155,0.24457253887202943
12300,-609227,-1227.830282391677,-0.015800678877767173,0.24462591846808387
12320,-604427,-1217.9403888565064,-0.015747041209909156,0.24467955613594186
12340,-599627,-1208.0504953213358,-0.01569340354352918,0.2447331938023219
12360,-594727,-1198.1606017861652,-0.01564002395185385,0.2447865733939972
12380,-589927,-1188.2707082509949,-0.015586386288416182,0.2448402110574349
12400,-585027,-1178.380814715824,-0.015533006699655653,0.2448935906461954
12420,-580227,-1168.4909211806537,-0.015479369039160263,0.24494722830669077
12440,-575327,-1158.6010276454829,-0.015425989453314531,0.24500060789253655
12460,-570527,-1148.7111341103125,-0.015372351795761439,0.24505424555008964
12480,-565627,-1138.821240575142,-0.015318972212830528,0.2451076251330206
12500,-560827,-1128.9313470399713,-0.015265334558219717,0.2451612627876314
12520,-555927,-1119.0414535048008,-0.015211954978203598,0.2452146423676476
12540,-551127,-1109.1515599696304,-0.015158317326535097,0.24526828001931605
12560,-546227,-1099.2616664344596,-0.015104937749433762,0.24532165959641739
12580,-541427,-1089.3717728992892,-0.015051300100707548,0.24537529724514356
12600,-536527,-1079.4818793641186,-0.014997920526520998,0.24542867681933014
12620,-531727,-1069.5919858289471,-0.01494428288073708,0.2454823144651141
12640,-526827,-1059.702092293774,-0.014890903309465334,0.24553569403638587
12660,-522027,-1049.812198758601,-0.01483726566662369,0.24558933167922756
12680,-517127,-1039.922305223428,-0.01478388609826674,0.24564271124758458
12700,-512327,-1030.0324116882553,-0.014730248458367397,0.24569634888748393
12720,-507427,-1020.1425181530823,-0.014676868892925268,0.24574972845292603
12740,-502627,-1010.2526246179093,-0.0146232312559682,0.245803366089883
12760,-497727,-1000.3627310827364,-0.014569851693440855,0.24585674565241034
12780,-492927,-990.4728375475635,-0.014516214059426078,0.2459103832864251
12800,-476427,-956.8471995279754,-0.014334310646035645,0.2460922866998155
12820,-457027,-917.2876253872837,-0.014120276290431322,0.24630632105541983
12840,-437627,-877.7280512465919,-0.0139062419582554,0.24652035538759576
12860,-418227,-838.1684771059001,-0.013692207649507838,0.24673438969634326
12880,-398927,-798.6089029652084,-0.013477915291517454,0.24694868205433362
12900,-379527,-759.0493288245166,-0.01326388102968165,0.2471627163161694
12920,-360127,-719.4897546838249,-0.013049846791274218,0.24737675055457684
12940,-340727,-679.9301805431331,-0.012835812576295192,0.24759078476955584
12960,-321327,-640.3706064024414,-0.012621778384744538,0.2478048189611065
12980,-301927,-600.8110322617496,-0.012407744216622283,0.24801885312922875
13000,-282527,-561.2514581210578,-0.012193710071928406,0.24823288727392265
13020,-263127,-521.6918839803661,-0.011979675950662932,0.24844692139518815
13040,-191427,-375.321459659808,-0.011187543448024365,0.24923905389782666
13060,2473,20.274281747104315,-0.009046946319689652,0.25137965102616144
13080,196373,415.87002315401674,-0.0069063515352963956,0.25352024581055477
13100,250673,526.6368307479527,-0.006305717338257163,0.25412088000759403
13120,270073,566.1964048886445,-0.006071070538165586,0.25435552680768553
13140,289473,605.7559790293362,-0.005766187204371357,0.2546604101414797
13160,308873,645.315553170028,-0.005365297394755538,0.25506129995109544
13180,328273,684.8751273107197,-0.004874488249038672,0.25555210909681225
13200,347673,724.4347014514115,-0.004313250204603214,0.2561133471412478
13220,367073,763.9942755921032,-0.003653534559159933,0.2567730627866911
13240,386473,803.553849732795,-0.002863015498400112,0.2575635818474509
13260,405873,843.1134238734868,-0.0019115577470377794,0.25851503959881317
13280,425273,882.6729980141785,-0.0007832514169992687,0.2596433459288518
13300,444673,922.2325721548702,0.0005123411720437457,0.26093893851789474
13320,464073,961.792146295562,0.00195345076913203,0.26238004811498283
13340,479073,992.4508162545981,0.0031483586562049293,0.26357495600205577
13360,483873,1002.3407097897712,0.003545106120256121,0.2639717034661069
13380,488773,1012.230603324944,0.003944615136386745,0.26437121248223744
13400,493573,1022.120496860117,0.004349463331390191,0.2647760606772409
13420,498473,1032.01039039529,0.004758295717767785,0.26518489306361853
13440,503273,1041.9002839304628,0.005170981417166963,0.2655975787630177
13460,508173,1051.790177465636,0.005585101339532332,0.26601169868538305
13480,512973,1061.6800710008085,0.0060020056205353145,0.266428602966386
13500,517873,1071.5699645359816,0.0064196109150266205,0.2668462082608773
13520,522673,1081.4598580711527,0.006840220209228845,0.2672668175550795
13540,527573,1091.3497516063233,0.007262133432116106,0.2676887307779667
13560,532373,1101.2396451414938,0.007687010326486907,0.2681136076723375
13580,537273,1111.1295386766644,0.008112427416438877,0.2685390247622896
13600,542073,1121.019432211835,0.008540625487812106,0.2689672228336628
13620,546873,1130.9093257470054,0.008970422641742245,0.269397019987593
13640,551773,1140.7992192821762,0.009400098422968187,0.269826695768819
13660,556573,1150.6891128173465,0.009831341206011443,0.2702579385518622
13680,561473,1160.5790063525171,0.010262167507027142,0.2706887648528779
13700,566273,1170.4688998876877,0.010694502544012833,0.27112109988986366
13720,571173,1180.3587934228583,0.011126507712223363,0.2715531050580743
13740,575973,1190.2486869580287,0.011559741440824894,0.27198633878667583
13760,580873,1200.1385804931995,0.01199210921608901,0.27241870656193995
13780,585673,1210.0284740283698,0.012425632728833314,0.27285223007468423
13800,590573,1219.9183675635404,0.012858413242006669,0.27328501058785765
13820,595373,1229.808261098711,0.013292461671215873,0.27371905901706695
13840,600273,1239.6981546338816,0.013725685935418822,0.2741522832812698
13860,605073,1249.5880481690522,0.01416100888084391,0.27458760622669476
13880,609973,1259.4779417042228,0.014614949380069683,0.27504154672592046
13900,614773,1269.3678352393931,0.015101803103464326,0.27552840044931504
13920,619673,1279.257728774564,0.015660970098560573,0.2760875674444112
13933,622773,1285.6861595724247,0.01625701893015599,0.2766836162760066
13940,622773,1282.2246968351149,0.016178717607747584,0.276761917598415
13960,622773,1272.3348032999443,0.01611269286428267,0.27682794234188
13980,622773,1262.444909764774,0.016046668123809133,0.27689396708235353
14000,621387,1252.555016229603,0.01598422021033164,0.27695641499583096
14020,616536,1242.6651226944327,0.015930714457506576,0.27700992074865605
14040,611685,1232.7752291592622,0.01587720870614487,0.27706342650001775
14060,606834,1222.8853356240916,0.015823702956246508,0.2771169322499163
14080,601983,1212.995442088921,0.0157701972078115,0.27717043799835134
14100,597132,1203.1055485537506,0.01571669146083983,0.27722394374532294
14120,592281,1193.2156550185798,0.015663185715331523,0.27727744949083116
14140,587430,1183.3257614834095,0.01560967997128658,0.27733095523487594
14160,582579,1173.4358679482386,0.015556174228704983,0.27738446097745756
14180,577728,1163.5459744130683,0.01550266848758675,0.27743796671857573
14200,572877,1153.6560808778977,0.015449162747931825,0.27749147245823075
14220,568026,1143.766187342727,0.015395657009740299,0.2775449781964224
14240,563175,1133.8762938075565,0.015342151273012094,0.27759848393315056
14260,558423,1123.9864002723862,0.015288390048483383,0.2776522451576791
14280,553572,1114.0965067372153,0.015234884314695513,0.277705750891467
14300,548721,1104.206613202045,0.015181378582370985,0.27775925662379164
14320,543870,1094.3167196668744,0.015127872851509799,0.27781276235465274
14340,539019,1084.4268261317038,0.01507436712211198,0.2778662680840505
14360,534168,1074.5369325965332,0.015020861394177513,0.277919773811985
14380,529317,1064.6470390613606,0.014967355667706376,0.27797327953845613
14400,524466,1054.7571455261875,0.014913849942698605,0.2780267852634639
14420,519615,1044.8672519910147,0.01486034421915416,0.2780802909870083
14440,514764,1034.9773584558416,0.014806838497073083,0.2781337967090894
14460,509913,1025.0874649206687,0.014753332776455352,0.2781873024297072
14480,505062,1015.1975713854958,0.014699827057300986,0.27824080814886165
14500,500211,1005.3076778503228,0.014646321339609965,0.2782943138665526
14520,495360,995.4177843151499,0.014592815623382311,0.2783478195827802
14540,486153,976.6269865983213,0.014491129217675161,0.2784495059884874
14560,466749,937.0674124576295,0.014277106378524952,0.2786635288276376
14580,447345,897.5078383169378,0.01406308356278839,0.27887755164337413
14600,427941,857.948264176246,0.013849060770465476,0.27909157443569704
14620,408537,818.3886900355543,0.013635038001556193,0.27930559720460635
14640,389232,778.8291158948625,0.01342075976727157,0.279519875438891
14660,369828,739.2695417541707,0.01320673704524403,0.27973389816091854
14680,350424,699.709967613479,0.012992714346630144,0.2799479208595324
14700,331020,660.1503934727872,0.01277869167142992,0.28016194353473256
14720,311616,620.5908193320955,0.012564669019643357,0.28037596618651917
14740,292212,581.0312451914037,0.012350646391270446,0.28058998881489206
14760,272808,541.471671050712,0.012136623786311203,0.28080401141985123
14780,253404,501.91209691002024,0.01192260120476564,0.28101803400139674
14800,94410,177.5235889563518,0.0101673103337013,0.28277332487246115
14820,-99432,-218.07215245056042,0.008026576751737008,0.28491405845442547
14840,-241002,-506.8570436776068,0.00646401133816871,0.2864766238679938
14860,-260406,-546.4166178182986,0.0062480770633826154,0.28669255814278005
14880,-279810,-585.9761919589903,0.006005052875625069,0.28693558233053745
14900,-299214,-625.5357660996821,0.005684741454819086,0.2872558937513433
14920,-318618,-665.0953402403738,0.005266989342233491,0.2876736458639289
14940,-338022,-704.6549143810656,0.004760465946507552,0.28818016925965484
14960,-357327,-744.2144885217574,0.004183635925958163,0.28875699928020426
14980,-376731,-783.7740626624491,0.0035025442226019597,0.2894380909835605
15000,-396135,-823.3336368031408,0.0026861485625343604,0.29025448664362813
15020,-415539,-862.8932109438326,0.0017041499653319945,0.29123648524083057
15040,-434943,-902.4527850845244,0.0005473327912225923,0.29239330241494
15060,-454347,-942.0123592252162,-0.0007709157231187465,0.29371155092928125
15080,-473751,-981.5719333659079,-0.002228031017020918,0.2951686662231835
15100,-481473,-997.3957630221846,-0.0028451234863878967,0.2957857586925505
15120,-486324,-1007.2856565573575,-0.0032357205535560444,0.2961763557597188
15140,-491175,-1017.1755500925304,-0.0036313065339048933,0.2965719417400676
15160,-496026,-1027.0654436277034,-0.004031405455945788,0.2969720406621085
15180,-500877,-1036.9553371628763,-0.004436795925800501,0.2973774311319633
15200,-505728,-1046.8452306980494,-0.004846727018413498,0.2977873622245762
15220,-510579,-1056.7351242332222,-0.005259149844744517,0.2981997850509073
15240,-515430,-1066.625017768395,-0.005673791041470915,0.29861442624763374
15260,-520281,-1076.5149113035675,-0.006090134812401578,0.2990307700185644
15280,-525132,-1086.4048048387378,-0.006508510264391498,0.29944914547055435
15300,-529983,-1096.2946983739084,-0.006928989726729878,0.2998696249328927
15320,-534834,-1106.184591909079,-0.007351443281105431,0.3002920784872682
15340,-539685,-1116.0744854442496,-0.007775778794600196,0.3007164140007629
15360,-544536,-1125.9643789794202,-0.008202213159841171,0.3011428483660039
15380,-549387,-1135.8542725145908,-0.008630492886742636,0.3015711280929054
15400,-554238,-1145.7441660497611,-0.009059780647221452,0.30200041585338416
15420,-558990,-1155.634059584932,-0.009490615575221446,0.3024312507813841
15440,-563841,-1165.5239531201023,-0.009921224909726273,0.3028618601158889
15460,-568692,-1175.413846655273,-0.01035235915604519,0.3032929943622077
15480,-573543,-1185.3037401904435,-0.010783904102359618,0.3037245393085221
15500,-578394,-1195.193633725614,-0.011215804842478543,0.304156440048641
15520,-583245,-1205.0835272607844,-0.011648153372144717,0.3045887885783073
15540,-588096,-1214.9734207959552,-0.012080851402542454,0.30502148660870504
15560,-592947,-1224.8633143311256,-0.012513707044460467,0.30545434225062307
15580,-597798,-1234.7532078662964,-0.012946774627244978,0.3058874098334077
15600,-602649,-1244.6431014014668,-0.01337996820975793,0.30632060341592066
15620,-607500,-1254.5329949366374,-0.013813269162266124,0.3067539043684288
15640,-612351,-1264.4228884718082,-0.014246688946439564,0.3071873241526022
15660,-617202,-1274.3127820069785,-0.014680182387139976,0.3076208175933025
15680,-622053,-1284.2026755421489,-0.015130583871740344,0.30807121907790297
15700,-626904,-1294.0925690773197,-0.015624073465466737,0.3085647086716294
15718,-631260,-1302.9934732589732,-0.01628227252901859,0.3092229077351813
15720,-631260,-1302.004483905456,-0.016218533461509362,0.3092866468026905
15740,-631260,-1292.1145903702857,-0.016152508242369967,0.30935267202182987
15760,-631260,-1282.2246968351149,-0.016086483026224233,0.30941869723797555
15780,-631060,-1272.3348032999443,-0.016020973932011257,0.3094842063321884
15800,-626260,-1262.444909764774,-0.015967336248895816,0.30953784401530376
15820,-621360,-1252.555016229603,-0.015913956640728602,0.3095912236234711
15840,-616560,-1242.6651226944327,-0.01586031896056155,0.30964486130363805
15860,-611660,-1232.7752291592622,-0.015806939355315155,0.3096982409088845
15880,-606860,-1222.8853356240916,-0.01575330167809653,0.3097518785861031
15900,-601960,-1212.995442088921,-0.015699922075770995,0.30980525818842847
15920,-597160,-1203.1055485537506,-0.01564628440150075,0.3098588958626987
15940,-592260,-1193.2156550185798,-0.015592904802096044,0.3099122754621034
15960,-587460,-1183.3257614834095,-0.015539267130774219,0.30996591313342514
15980,-582660,-1173.4358679482386,-0.015485629460933506,0.3100195508032659
16000,-577760,-1163.5459744130683,-0.015432249865916937,0.3100729303982824
16020,-572960,-1153.6560808778977,-0.015378612199024616,0.3101265680651748
16040,-568060,-1143.766187342727,-0.015325232606928885,0.3101799476572705
16060,-563260,-1133.8762938075565,-0.015271594942984981,0.31023358532121437
16080,-558360,-1123.9864002723862,-0.01521821535381008,0.31028696491038926
16100,-553560,-1114.0965067372153,-0.015164577692814585,0.31034060257138474
16120,-548660,-1104.206613202045,-0.015111198106560515,0.31039398215763886
16140,-543860,-1094.3167196668744,-0.015057560448513412,0.3104476198156859
16160,-538960,-1084.4268261317038,-0.015004180865180199,0.3105009993990191
16180,-534160,-1074.5369325965332,-0.014950543210081515,0.3105546370541178
16200,-529260,-1064.6470390613606,-0.014897163629669113,0.3106080166345301
16220,-524460,-1054.7571455261875,-0.0148435259775188,0.3106616542866804
16240,-519560,-1044.8672519910147,-0.014790146400027248,0.3107150338641718
16260,-514760,-1034.9773584558416,-0.014736508750825354,0.3107686715133738
16280,-509860,-1025.0874649206687,-0.014683129176254637,0.31082205108794453
16300,-505060,-1015.1975713854958,-0.014629491530001142,0.3108756887341981
16320,-500160,-1005.3076778503228,-0.014576111958351273,0.31092906830584804
16340,-495360,-995.4177843151499,-0.014522474315046174,0.3109827059491531
16360,-486160,-976.6269865983213,-0.014420769255312972,0.31108441100888634
16380,-466760,-937.0674124576295,-0.014206734854170615,0.3112984454100287
16400,-447360,-897.5078383169378,-0.013992700476505237,0.3115124797876941
16420,-427960,-857.948264176246,-0.013778666122316846,0.3117265141418825
16440,-408560,-818.3886900355543,-0.013564631791605436,0.3119405484725939
16460,-389160,-778.8291158948625,-0.013350597484371042,0.3121545827798283
16480,-369760,-739.2695417541707,-0.013136563200613616,0.31236861706358576
16500,-350360,-699.709967613479,-0.012922528940333189,0.3125826513238662
16520,-331060,-660.1503934727872,-0.012708236630888266,0.312796943633311
16540,-311660,-620.5908193320955,-0.012494202417616977,0.31301097784658233
16560,-292260,-581.0312451914037,-0.012280168227822654,0.3132250120363768
16580,-272860,-541.471671050712,-0.012066134061505324,0.31343904620269414
16600,-253460,-501.91209691002024,-0.01185209991866502,0.3136530803455345
16620,-94460,-177.5235889563518,-0.010096814375352042,0.31540836588884746
16640,99440,218.07215245056042,-0.007956218092323188,0.31754896217187645
16660,241040,506.8570436776068,-0.0063936712318495145,0.31911150903235014
16680,260440,546.4166178182986,-0.0061749577791961625,0.3193302224850035
16700,279840,585.9761919589903,-0.005916605685307499,0.31958857457889206
16720,299240,625.5357660996821,-0.005572186437414288,0.31993299382678525
16740,318540,665.0953402403738,-0.0051274839887589935,0.3203776962754405
16760,337940,704.6549143810656,-0.004602055834264447,0.32090312442993496
16780,357340,744.2144885217574,-0.003998858518596323,0.3215063217456032
16800,376740,783.7740626624491,-0.003279764416325017,0.3222254158478744
16820,396140,823.3336368031408,-0.002415112455447944,0.32309006780875144
16840,415540,862.8932109438326,-0.001372811671531446,0.324132368592668
16860,434940,902.4527850845244,-0.00015319101069044915,0.32535198925350894
16880,454340,942.0123592252162,0.0012280867414961108,0.32673326700569544
16900,473740,981.5719333659079,0.0027453529080774747,0.3282505331722768
16920,481440,997.3957630221846,0.0033806329503440367,0.32888581321454335
16940,486340,1007.2856565573575,0.0037836151478599363,0.32928879541205935
16960,491140,1017.1755500925304,0.004191090169332669,0.32969627043353206
16980,496040,1027.0654436277034,0.004602890287672636,0.330108070551872
17000,500840,1036.9553371628763,0.0050199144803554675,0.3305250947445548
17020,505740,1046.8452306980494,0.005438611713575034,0.3309437919777744
17040,510540,1056.7351242332222,0.005860471634878032,0.3313656518990775
17060,515440,1066.625017768395,0.00628317595821406,0.33178835622241354
17080,520240,1076.5149113035675,0.006708745492351957,0.3322139257565515
17100,525140,1086.4048048387378,0.00713549432903918,0.3326406745932387
17120,529940,1096.2946983739084,0.007565453072233215,0.3330706333364327
17140,534840,1106.184591909079,0.007996300329027933,0.3335014805932275
17160,539640,1116.0744854442496,0.008429833891508306,0.3339350141557079
17180,544540,1125.9643789794202,0.008864307086663374,0.3343694873508631
17200,549340,1135.8542725145908,0.009300823275194528,0.33480600353939416
17220,554240,1145.7441660497611,0.009737087148914851,0.33524226741311447
17240,559040,1155.634059584932,0.010174927187440118,0.33568010745163973
17260,563840,1165.5239531201023,0.010613386092093656,0.33611856635629317
17280,568740,1175.413846655273,0.011051397645954674,0.33655657791015425
17300,573540,1185.3037401904435,0.011490822352679057,0.33699600261687873
17320,578440,1195.193633725614,0.011929391911531532,0.33743457217573125
17340,583240,1205.0835272607844,0.012369075688166347,0.33787425595236603
17360,588140,1214.9734207959552,0.012807974322035526,0.33831315458623523
17380,592940,1224.8633143311256,0.013248171281536611,0.33875335154573627
17400,597840,1234.7532078662964,0.013687563047643212,0.33919274331184285
17420,602640,1244.6431014014668,0.014128099345945217,0.3396332796101448
17440,607540,1254.5329949366374,0.014567829002237236,0.34007300926643674
17460,612340,1264.4228884718082,0.0150087222625786,0.34051390252677816
17480,617240,1274.3127820069785,0.015462569679932151,0.34096774994413165
17500,622040,1284.2026755421489,0.015997946741213142,0.3415031270054125
17506,623540,1287.1696436027003,0.016257770806882618,0.341762951071082
17520,623540,1280.246718128081,0.01615748797761919,0.3418632339003453
17540,623540,1270.3568245929102,0.0160914632831223,0.34192925859484213
17560,623540,1260.4669310577397,0.016025438591624055,0.34199528328634043
17580,620471,1250.577037522569,0.015967334034256923,0.3420533878437075
17600,615620,1240.6871439873985,0.015913828309035795,0.34210689356892854
17620,610769,1230.7972504522281,0.015860322585281056,0.3421603992926832
17640,605918,1220.9073569170573,0.015806816862992703,0.3422139050149717
17660,601067,1211.017463381887,0.01575331114217075,0.34226741073579375
17680,596216,1201.1275698467164,0.015699805422815176,0.34232091645514934
17700,591365,1191.2376763115458,0.01564629970492598,0.3423744221730386
17720,586514,1181.3477827763752,0.015592793988503197,0.34242792788946147
17740,581663,1171.4578892412048,0.015539288273546802,0.3424814336044178
17760,576812,1161.567995706034,0.015485782560056803,0.34253493931790774
17780,571961,1151.6781021708637,0.01543227684803319,0.34258844502993135
17800,567110,1141.788208635693,0.015378771137475957,0.3426419507404885
17820,562259,1131.8983151005225,0.015325265428385117,0.3426954564495794
17840,557408,1122.008421565352,0.015271759720760683,0.34274896215720374
17860,552557,1112.1185280301813,0.015218254014602623,0.34280246786336166
17880,547706,1102.2286344950107,0.015164748309910967,0.3428559735680535
17900,542855,1092.3387409598404,0.015111242606685697,0.3429094792712788
17920,538004,1082.4488474246696,0.015057736904926821,0.34296298497303757
17940,533153,1072.5589538894988,0.01500423120463434,0.3430164906733299
17960,528302,1062.669060354326,0.014950725505808218,0.343069996372156
17980,523451,1052.7791668191528,0.014897219808448508,0.3431235020695158
18000,518600,1042.88927328398,0.014843714112555167,0.34317700776540916
18020,513749,1032.999379748807,0.014790208418128243,0.343230513459836
18040,508898,1023.1094862136341,0.01473670272516768,0.34328401915279655
18060,504047,1013.2195926784613,0.014683197033673535,0.3433375248442907
18080,499196,1003.3296991432883,0.014629691343645768,0.3433910305343184
18100,494345,993.4398056081153,0.014576185655084404,0.3434445362228798
18120,482267,968.7150717701829,0.014442293695785528,0.34357842818217865
18140,462863,929.1554976294913,0.014228270970895138,0.343792450907069
18160,443459,889.5959234887995,0.014014248269467015,0.34400647360849707
18180,424055,850.0363493481077,0.013800225591501137,0.3442204962864629
18200,404651,810.4767752074159,0.013586202936997558,0.34443451894096655
18220,385346,770.9172010667241,0.01337192481760726,0.3446487970603569
18240,365942,731.3576269260325,0.013157902210082768,0.3448628196678814
18260,346538,691.7980527853407,0.012943879626020525,0.3450768422519437
18280,327134,652.2384786446489,0.012729857065420559,0.34529086481254356
18300,307730,612.6789045039571,0.012515834528282867,0.34550488734968127
18320,288326,573.1193303632654,0.012301812014607474,0.3457189098633567
18340,268922,533.5597562225737,0.012087789524394345,0.3459329323535699
18360,249617,494.00018208188186,0.011873511569676459,0.34614721030828777
18380,55676,98.40444067496935,0.00973303270571783,0.3482876891722464
18400,-138265,-297.1913007319429,0.007592556189080082,0.3504281656888843
18420,-244888,-514.7689585057452,0.006415180136516356,0.35160554174144815
18440,-264292,-554.328532646437,0.00619815240076805,0.3518225694771965
18460,-283696,-593.8881067871288,0.005946139521124183,0.3520745823568403
18480,-303100,-633.4476809278204,0.005612204014951084,0.3524085178630134
18500,-322504,-673.0072550685122,0.005176567938860784,0.3528441539391037
18520,-341809,-712.566829209204,0.0046570613119213565,0.353363660566043
18540,-361213,-752.1264033498958,0.004064195477089993,0.3539565264008743
18560,-380617,-791.6859774905876,0.0033588933207649957,0.3546618285571993
18580,-400021,-831.2455516312792,0.0025128208971435823,0.3555079009808208
18600,-419425,-870.805125771971,0.0014935105434965381,0.3565272113344678
18620,-438829,-910.3646999126628,0.0002995361396200804,0.3577211857383443
18640,-458233,-949.9242740533546,-0.0010553887288602042,0.3590761106068246
18660,-477637,-989.4838481940463,-0.0025473005528125225,0.36056802243077696
18680,-482488,-999.3737417292192,-0.0029382689823002836,0.3609589908602647
18700,-487339,-1009.2636352643922,-0.0033327377020395134,0.36135345958000387
18720,-492091,-1019.153528799565,-0.0037333898411035468,0.3617541117190679
18740,-496942,-1029.043422334738,-0.004137687075481949,0.36215840895344625
18760,-501793,-1038.933315869911,-0.004547550874573694,0.36256827275253817
18780,-506644,-1048.8232094050838,-0.004961464553262289,0.36298218643122676
18800,-511495,-1058.713102940257,-0.005378039157693179,0.36339876103565777
18820,-516346,-1068.6029964754298,-0.005796866561003567,0.3638175884389682
18840,-521197,-1078.4928900106015,-0.006217461841934898,0.36423818371989947
18860,-526048,-1088.382783545772,-0.0066399533502338225,0.3646606752281984
18880,-530899,-1098.2726770809425,-0.007064674741050151,0.3650853966190148
18900,-535750,-1108.1625706161133,-0.007491425051253309,0.365512146929218
18920,-540601,-1118.0524641512836,-0.007920276548773262,0.3659409984267378
18940,-545452,-1127.9423576864542,-0.008350926584152117,0.36637164846211673
18960,-550303,-1137.8322512216248,-0.008783390612235778,0.3668041124902004
18980,-555154,-1147.7221447567954,-0.009216735856174283,0.36723745773413896
19000,-560005,-1157.612038291966,-0.009650869789346176,0.3676715916673108
19020,-564856,-1167.5019318271366,-0.01008557630860867,0.36810629818657326
19040,-569707,-1177.391825362307,-0.010520769842174652,0.36854149172013934
19060,-574558,-1187.2817188974777,-0.010956356850123396,0.3689770787280881
19080,-579409,-1197.171612432648,-0.011392321827460184,0.36941304370542494
19100,-584260,-1207.0615059678187,-0.011828751439681429,0.3698494733176463
19120,-589111,-1216.9513995029893,-0.012265447270063923,0.37028616914802875
19140,-593962,-1226.8412930381598,-0.012702335719434573,0.3707230575973994
19160,-598813,-1236.7311865733302,-0.013139397205197755,0.3711601190831626
19180,-603664,-1246.621080108501,-0.013576579461499748,0.37159730133946456
19200,-608515,-1256.5109736436714,-0.014013875239216069,0.3720345971171809
19220,-613366,-1266.400867178842,-0.01445129634398543,0.37247201822195025
19240,-618217,-1276.2907607140128,-0.014888744410377554,0.3729094662883425
19260,-623068,-1286.1806542491831,-0.01532624374322134,0.37334696562118624
19280,-627919,-1296.070547784354,-0.01578097965720574,0.3738017015351706
19296,-631780,-1303.9824626124903,-0.01628992990418769,0.3743106517821526
19300,-631780,-1302.004483905456,-0.01622233543293444,0.3743782462534059
19320,-631780,-1292.1145903702857,-0.01615631014207793,0.3744442715442624
19340,-631780,-1282.2246968351149,-0.01609028485422548,0.37451029683211484
19360,-631080,-1272.3348032999443,-0.016026066058975764,0.3745745156273645
19380,-626280,-1262.444909764774,-0.015972428326140993,0.37462815336019945
19400,-621380,-1252.555016229603,-0.015919048668715838,0.37468153301762464
19420,-616580,-1242.6651226944327,-0.015865410938832734,0.3747351707475077
19440,-611680,-1232.7752291592622,-0.015812031284331566,0.3747885504020087
19460,-606880,-1222.8853356240916,-0.015758393557400073,0.37484218812894016
19480,-601980,-1212.995442088921,-0.015705013905822945,0.37489556778051725
19500,-597180,-1203.1055485537506,-0.015651376181843063,0.3749492055044971
19520,-592280,-1193.2156550185798,-0.015597996533189964,0.37500258515315027
19540,-587480,-1183.3257614834095,-0.015544358812161724,0.37505622287417845
19560,-582580,-1173.4358679482386,-0.015490979166432637,0.3751096025199076
19580,-577780,-1163.5459744130683,-0.015437341448356002,0.37516324023798425
19600,-572880,-1153.6560808778977,-0.015383961805550957,0.37521661988078936
19620,-568080,-1143.766187342727,-0.01533032409042596,0.3752702575959144
19640,-563180,-1133.8762938075565,-0.015276944450544904,0.37532363723579554
19660,-558380,-1123.9864002723862,-0.015223306738371557,0.37537727494796885
19680,-553480,-1114.0965067372153,-0.01516992710141453,0.37543065458492586
19700,-548680,-1104.206613202045,-0.015116289392192799,0.37548429229414754
19720,-543780,-1094.3167196668744,-0.015062909758159769,0.37553767192818055
19740,-538980,-1084.4268261317038,-0.015009272051889698,0.3755913096344505
19760,-534180,-1074.5369325965332,-0.014955634347102323,0.37564494733923787
19780,-529280,-1064.6470390613606,-0.014902254717462232,0.37569832696887795
19800,-524480,-1054.7571455261875,-0.014848617015626458,0.37575196467071376
19820,-519580,-1044.8672519910147,-0.014795237388910388,0.37580534429742973
19840,-514780,-1034.9773584558416,-0.01474159969002626,0.37585898199631385
19860,-509880,-1025.0874649206687,-0.014688220066234197,0.3759123616201059
19880,-505080,-1015.1975713854958,-0.014634582370301687,0.3759659993160383
19900,-500180,-1005.3076778503228,-0.01458120274943366,0.3760193789369063
19920,-495380,-995.4177843151499,-0.014527565056452765,0.37607301662988724
19940,-486180,-976.6269865983213,-0.014425859902707384,0.3761747217836327
19960,-466780,-937.0674124576295,-0.014211825303808519,0.37638875638253166
19980,-447380,-897.5078383169378,-0.013997790728412295,0.3766027909579278
20000,-427980,-857.948264176246,-0.013783756176518657,0.3768168255098213
20020,-408580,-818.3886900355543,-0.01356972164812764,0.37703086003821235
20040,-389180,-778.8291158948625,-0.013355687143239214,0.37724489454310084
20060,-369780,-739.2695417541707,-0.013141652661853414,0.3774589290244866
20080,-350380,-699.709967613479,-0.012927618203970223,0.3776729634823698
20100,-330980,-660.1503934727872,-0.012713583769589651,0.37788699791675034
20120,-311580,-620.5908193320955,-0.012499549358711696,0.3781010323276283
20140,-292280,-581.0312451914037,-0.012285256898346772,0.37831532478799323
20160,-272880,-541.471671050712,-0.012071222534529255,0.37852935915181085
20180,-253480,-501.91209691002024,-0.01185718819421437,0.3787433934921257
20200,-94480,-177.5235889563518,-0.010101901032210328,0.3804986806541298
20220,99420,218.07215245056042,-0.007961302777489817,0.38263927890885024
20240,241020,506.8570436776068,-0.006398768816587429,0.38420181286975263
20260,260420,546.4166178182986,-0.006180684996629066,0.38441989668971094
20280,279820,585.9761919589903,-0.005924658230993198,0.3846759234553468
20300,299220,625.5357660996821,-0.005583167039908612,0.38501741464643136
20320,318620,665.0953402403738,-0.005140742211423425,0.3854598394749166
20340,338020,704.6549143810656,-0.004615844067541184,0.38598473761879876
20360,357420,744.2144885217574,-0.004013719451017174,0.38658686223532274
20380,376720,783.7740626624491,-0.0032946679962535756,0.3873059136900863
20400,396120,823.3336368031408,-0.0024301356958364062,0.38817044599050354
20420,415520,862.8932109438326,-0.0013868834574158905,0.38921369822892404
20440,434920,902.4527850845244,-0.00016413094252593687,0.390436450743814
20460,454320,942.0123592252162,0.0012230500262435109,0.3918236317125835
20480,473720,981.5719333659079,0.0027478245525556035,0.3933484062388956
20500,481520,997.3957630221846,0.00338535060063121,0.39398593228697126
20520,486320,1007.2856565573575,0.0037913657395578252,0.3943919474258979
20540,491220,1017.1755500925304,0.004200192371788364,0.39480077405812847
20560,496020,1027.0654436277034,0.004615177068162942,0.39521575875450304
20580,500820,1036.9553371628763,0.005034484890901445,0.3956350665772415
20600,505720,1046.8452306980494,0.005455695029658751,0.39605627671599886
20620,510520,1056.7351242332222,0.005880023467657039,0.39648060515399713
20640,515420,1066.625017768395,0.006305083460635984,0.3969056651469761
20660,520220,1076.5149113035675,0.006733067007248795,0.3973336486935887
20680,525120,1086.4048048387378,0.007162385147843428,0.3977629668341833
20700,529920,1096.2946983739084,0.007594878957006077,0.3981954606433459
20720,534820,1106.184591909079,0.008028192702778965,0.39862877438911876
20740,539620,1116.0744854442496,0.008464329445829673,0.3990649111321695
20760,544520,1125.9643789794202,0.008901380372281982,0.3995019620586218
20780,549320,1135.8542725145908,0.009340565222899158,0.399941146909239
20800,554220,1145.7441660497611,0.009779392783356728,0.4003799744696965
20820,559020,1155.634059584932,0.010219810245350744,0.40082039193169056
20840,563920,1165.5239531201023,0.010659831881324225,0.40126041356766395
20860,568720,1175.413846655273,0.011101453506859668,0.40170203519319947
20880,573620,1185.3037401904435,0.011542498369549925,0.4021430800558897
20900,578420,1195.193633725614,0.01198464267687527,0.40258522436321503
20920,583320,1205.0835272607844,0.01242593395036664,0.40302651563670644
20940,588120,1214.9734207959552,0.012868413271578491,0.4034689949579185
20960,593020,1224.8633143311256,0.013310212629553649,0.4039107943158938
20980,597820,1234.7532078662964,0.013753192789436855,0.404353774475777
21000,602620,1244.6431014014668,0.014196335814948223,0.40479691750128843
21020,607520,1254.5329949366374,0.014638648396353945,0.4052392300826943
21040,612320,1264.4228884718082,0.01508214734095596,0.4056827290272963
21060,617220,1274.3127820069785,0.015524755649603527,0.4061253373359439
21080,622020,1284.2026755421489,0.016001387952638575,0.4066019696389788
21087,623720,1287.6641382794587,0.016251649003389126,0.40685223068972937
21100,623720,1281.235707481598,0.016158624216407978,0.40694525547671045
21120,623720,1271.3458139464274,0.016092599634216876,0.40701128005890164
21140,623720,1261.4559204112568,0.01602657505502881,0.40707730463808983
21160,620948,1251.5660268760862,0.015967704120836965,0.4071361755722816
21180,616097,1241.6761333409156,0.01591419846930523,0.4071896812238134
21200,611246,1231.7862398057453,0.015860692819241677,0.407243186873877
21220,606395,1221.8963462705744,0.015807187170646286,0.4072966925224723
21240,601544,1212.006452735404,0.015753681523519053,0.40735019816959966
21260,596693,1202.1165592002335,0.015700175877859986,0.40740370381525864
21280,591842,1192.226665665063,0.015646670233669117,0.40745720945944947
21300,586991,1182.3367721298923,0.015593164590946382,0.40751071510217224
21320,582140,1172.446878594722,0.01553965894969182,0.40756422074342674
21340,577289,1162.5569850595512,0.01548615330990545,0.40761772638321314
21360,572438,1152.6670915243808,0.015432647671587217,0.4076712320215314
21380,567587,1142.77719798921,0.015379142034737177,0.40772473765838135
21400,562736,1132.8873044540396,0.015325636399355304,0.4077782432937632
21420,557885,1122.997410918869,0.01527213076544157,0.407831748927677
21440,553034,1113.1075173836985,0.015218625132996023,0.40788525456012253
21460,548183,1103.2176238485279,0.01516511950201864,0.4079387601911
21480,543332,1093.3277303133575,0.015111613872509437,0.40799226582060916
21500,538481,1083.4378367781867,0.015058108244468392,0.4080457714486501
21520,533630,1073.547943243016,0.01500460261789552,0.408099277075223
21540,528779,1063.6580497078432,0.014951096992790784,0.4081527827003276
21560,523928,1053.7681561726702,0.014897591369154218,0.4082062883239641
21580,519077,1043.8782626374973,0.014844085746985843,0.4082597939461323
21600,514226,1033.9883691023244,0.014790580126285625,0.40831329956683254
21620,509375,1024.0984755671514,0.014737074507053569,0.40836680518606444
21640,504524,1014.2085820319785,0.014683568889289695,0.40842031080382835
21660,499673,1004.3186884968055,0.014630063272993987,0.4084738164201242
21680,494822,994.4287949616325,0.014576557658166423,0.4085273220349517
21700,484229,972.6710291842521,0.01445864092044508,0.40864523877267306
21720,464825,933.1114550435603,0.014244618488780182,0.408859261204338
21740,445421,893.5518809028686,0.014030596080605987,0.4090732836125122
21760,426017,853.9923067621769,0.013816573695922445,0.40928730599719576
21780,406613,814.4327326214851,0.013602551334729637,0.4095013283583886
21800,387209,774.8731584807933,0.013388528997027516,0.40971535069609055
21820,367904,735.3135843401016,0.013174251195308111,0.4099296284978099
21840,348500,695.7540101994098,0.012960228904642046,0.41014365078847603
21860,329096,656.1944360587181,0.012746206637466673,0.4103576730556516
21880,309692,616.6348619180263,0.012532184393782028,0.4105716952993363
21900,290288,577.0752877773346,0.01231816217358807,0.4107857175195303
21920,270884,537.5157136366428,0.012104139976884814,0.41099973971623344
21940,251480,497.95613949595105,0.011890117803672284,0.4112137618894459
21960,75062,137.96401481566056,0.0099421083282616,0.41316177136485654
21980,-118879,-257.63172659125166,0.007801634540519934,0.4153022451525981
22000,-242926,-510.813001091676,0.006431538380535079,0.4166723413125829
22020,-262330,-550.3725752323677,0.0062155936038564485,0.4168882860892615
22040,-281734,-589.9321493730595,0.005971900132003894,0.4171319795611139
22060,-301138,-629.4917235137513,0.005648284975060072,0.41745559471805777
22080,-320542,-669.051297654443,0.005224814987110411,0.41787906470600744
22100,-339946,-708.6108717951347,0.004713098844726009,0.41839078084839176
22120,-359350,-748.1704459358265,0.004130125754066422,0.4189737539390513
22140,-378655,-787.7300200765183,0.003438387612825231,0.41966549208029247
22160,-398059,-827.28959421721,0.0026087695756309417,0.42049511011748686
22180,-417463,-866.8491683579018,0.0016085772801998147,0.421495302412918
22200,-436867,-906.4087424985935,0.0004302116193461888,0.42267366807377155
22220,-456271,-945.9683166392853,-0.0009129282784477871,0.42401680797156566
22240,-475675,-985.527890779977,-0.0023954499870397286,0.4254993296801576
22260,-481912,-998.384752375702,-0.0029046898850614493,0.42600856957817945
22280,-486763,-1008.2746459108748,-0.0033000557159694145,0.42640393540908744
22300,-491614,-1018.1645394460477,-0.003700421743912514,0.4268043014370305
22320,-496465,-1028.0544329812208,-0.0041056239366739225,0.4272095036297919
22340,-501316,-1037.9443265163936,-0.004516155456536852,0.42762003514965485
22360,-506167,-1047.8342200515667,-0.004931174492576157,0.4280350541856941
22380,-511018,-1057.7241135867396,-0.005349064142522802,0.4284529438356408
22400,-515869,-1067.6140071219124,-0.00576928470294611,0.4288731643960642
22420,-520720,-1077.5039006570846,-0.006191236953399582,0.42929511664651765
22440,-525571,-1087.393794192255,-0.006614993191988245,0.42971887288510624
22460,-530422,-1097.2836877274256,-0.007041123028528656,0.4301450027216465
22480,-535273,-1107.1735812625961,-0.007469256394759116,0.43057313608787673
22500,-540124,-1117.0634747977667,-0.007899393713308731,0.4310032734064264
22520,-544975,-1126.953368332937,-0.00833144488444806,0.43143532457756567
22540,-549826,-1136.843261868108,-0.008765384203393888,0.43186926389651153
22560,-554677,-1146.7331554032783,-0.009200354568023848,0.4323042342611415
22580,-559528,-1156.623048938449,-0.009636058818859714,0.4327399385119773
22600,-564379,-1166.5129424736194,-0.01007239260306488,0.43317627229618255
22620,-569230,-1176.40283600879,-0.010509203305135951,0.4336130829982535
22640,-574081,-1186.2927295439606,-0.010946413408833218,0.43405029310195076
22660,-578932,-1196.1826230791312,-0.011383953051084634,0.4344878327442022
22680,-583783,-1206.0725166143015,-0.01182199338084481,0.4349258730739624
22700,-588634,-1215.9624101494724,-0.012260331086027816,0.4353642107791455
22720,-593485,-1225.8523036846427,-0.012698853173733699,0.43580273286685123
22740,-598336,-1235.7421972198133,-0.013137569577708506,0.43624144927082603
22760,-603187,-1245.632090754984,-0.013576400510873075,0.43668028020399063
22780,-608038,-1255.5219842901545,-0.01401534421745434,0.43711922391057184
22800,-612889,-1265.411877825325,-0.014454415038818487,0.4375582947319361
22820,-617740,-1275.3017713604956,-0.014893514818279748,0.4379973945113973
22840,-622492,-1285.191664895666,-0.015333644811647697,0.4384375245047652
22860,-627343,-1295.0815584308368,-0.015773136638328352,0.438877016331446
22878,-631798,-1303.9824626124903,-0.016252500064953348,0.4393563797580709
