t,mu,totalDamage
0,0,0
0.02,-0.01875,3.2958984374999995E-09
0.04,-0.00875,3.795898437499999E-09
0.06,0.01125,1.67958984375E-08
0.08,0.02125,3.52958984375E-08
0.1,0.01125,3.57958984375E-08
0.12,0.02125,3.62958984375E-08
0.14,0.02875,5.788183593749999E-08
0.16,0.0375,9.328515624999999E-08
0.18,0.04125,1.122958984375E-07
0.2,0.0375,1.12322265625E-07
0.22,0.03375,1.125068359375E-07
0.24,0.025,1.1444140625E-07
0.26,-0.0025,1.54166015625E-07
0.28,-0.0325,3.128613281250001E-07
0.3,-0.05,4.921953125E-07
0.32,-0.07,8.007421875000003E-07
0.34,-0.07625,9.234130859375E-07
0.36,-0.075,9.234140625000001E-07
0.38,-0.07625,9.234150390625001E-07
0.4,-0.0725,9.234414062500001E-07
0.42,-0.06875,9.236259765625001E-07
0.44,-0.065,9.241269531250001E-07
0.46,-0.06,9.255605468750001E-07
0.48,-0.0575,9.267109375000001E-07
0.5,-0.05125,9.312275390625E-07
0.52,-0.03875,9.497822265625001E-07
0.54,-0.0325,9.652851562500001E-07
0.56,-0.05125,9.685810546875E-07
0.58,-0.0675,9.867226562500001E-07
0.6,-0.07,9.9165234375E-07
0.62,-0.04875,9.964501953125E-07
0.64,-0.01625,1.0841494140625E-06
0.66,0.005,1.244337890625E-06
0.68,0.02,1.421982421875E-06
0.7,0.03,1.5758808593749998E-06
0.72,0.03125,1.5972978515625E-06
0.74,0.0425,1.8134296875E-06
0.76,0.065,2.385228515625E-06
0.78,0.07875,2.8380869140624998E-06
0.8,0.07,2.838421875E-06
0.82,0.04625,2.8552509765625E-06
0.84,0.01875,2.9460869140625E-06
0.86,-0.015,3.25007421875E-06
0.88,-0.0325,3.526533203125E-06
0.9,-0.03625,3.5985244140625E-06
0.92,-0.03,3.598646484375E-06
0.94,-0.01625,3.6025244140624997E-06
0.96,0.00375,3.6305244140624997E-06
0.98,0.01875,3.6817119140624997E-06
1,0.01875,3.6817119140624997E-06
1.02,0.02625,3.7205947265625E-06
1.04,0.03625,3.7890634765624997E-06
1.06,0.01625,3.7930634765624996E-06
1.08,-0.01,3.838529296875E-06
1.1,-0.02125,3.884118164062499E-06
1.12,-0.01125,3.8846181640624995E-06
1.14,-0.00625,3.8858056640624995E-06
1.16,0.0025,3.89081640625E-06
1.18,0.00875,3.8976181640625E-06
1.2,0.00375,3.897680664062499E-06
1.22,-0.00375,3.898594726562499E-06
1.24,-0.0125,3.902416015625E-06
1.26,-0.01625,3.905430664062499E-06
1.28,-0.0275,3.94560546875E-06
1.3,-0.05125,4.3446650390625E-06
1.32,-0.06625,4.770477539062501E-06
1.34,-0.055,4.771189453125001E-06
1.36,-0.045,4.775275390625001E-06
1.38,-0.04,4.779521484375001E-06
1.4,-0.03,4.794294921875001E-06
1.42,-0.0025,4.90001953125E-06
1.44,0.04125,5.3916259765625006E-06
1.46,0.04375,5.4359775390625E-06
1.48,0.02875,5.4376650390625E-06
1.5,0.0075,5.459794921875001E-06
1.52,-0.0025,5.485443359375E-06
1.54,0,5.4854511718750005E-06
1.56,0.00875,5.486155273437501E-06
1.58,0.01875,5.4902412109375E-06
1.6,0.02125,5.492141601562501E-06
1.62,0.02125,5.492141601562501E-06
1.64,0.0325,5.506880859375E-06
1.66,0.04625,5.5813232421875005E-06
1.68,0.0575,5.816966796875001E-06
1.7,0.09,6.829281250000003E-06
1.72,0.11,7.762203125000001E-06
1.74,0.105,7.762265625000002E-06
1.76,0.09625,7.763502929687501E-06
1.78,0.0825,7.772601562500001E-06
1.8,0.0525,7.857257812500001E-06
1.82,0.0525,7.857257812500001E-06
1.84,0.06875,7.859403320312502E-06
1.86,0.0925,7.889257812500002E-06
1.88,0.08125,7.889969726562501E-06
1.9,0.05375,7.918350585937501E-06
1.92,0.025,8.133265625E-06
1.94,0.02375,8.147012695312502E-06
1.96,0.03,8.147134765625002E-06
1.98,0.035,8.147724609375E-06
2,0.06,8.170830078125002E-06
2.02,0.0725,8.20494140625E-06
2.04,0.09125,8.300786132812501E-06
2.06,0.10625,8.4277705078125E-06
2.08,0.07625,8.441270507812501E-06
2.1,0.03625,8.5992705078125E-06
2.12,0.0025,9.0088671875E-06
2.14,-0.0075,9.198835937500001E-06
2.16,-0.01625,9.393872070312501E-06
2.18,-0.02875,9.723295898437502E-06
2.2,-0.0275,9.723296875000001E-06
2.22,-0.02125,9.723506835937502E-06
2.24,-0.01625,9.724272460937503E-06
2.26,-0.0325,9.836492187500002E-06
2.28,-0.065,1.1069359375E-05
2.3,-0.115,1.4084984375000001E-05
2.32,-0.13875,1.6085569335937505E-05
2.34,-0.1225,1.6087714843750004E-05
2.36,-0.09625,1.61239521484375E-05
2.38,-0.04375,1.6514256835937505E-05
2.4,-0.00375,1.7315756835937504E-05
2.42,0.00125,1.7457569335937504E-05
2.44,0.00375,1.7532389648437502E-05
2.46,0.0175,1.7992917968750005E-05
2.48,0.0325,1.8596656250000003E-05
2.5,0.09375,2.2369608398437504E-05
2.52,0.12625,2.5390381835937505E-05
2.54,0.12875,2.5656217773437507E-05
2.56,0.11,2.5659513671875007E-05
2.58,0.10875,2.5660217773437506E-05
2.6,0.10875,2.5660217773437506E-05
2.62,0.1025,2.5665261718750004E-05
2.64,0.095,2.5675439453125007E-05
2.66,0.0625,2.5801605468750006E-05
2.68,0.025,2.6214603515625004E-05
2.7,-0.0125,2.7065296875000006E-05
2.72,-0.0325,2.7752593750000007E-05
2.74,-0.0475,2.839373828125001E-05
2.76,-0.0625,2.9153851562500006E-05
2.78,-0.07875,3.0123303710937506E-05
2.8,-0.07125,3.012351464843751E-05
2.82,-0.0625,3.0125449218750008E-05
2.84,-0.05125,3.0133702148437508E-05
2.86,-0.02,3.022469335937501E-05
2.88,0.00625,3.043036621093751E-05
2.9,0.01,3.0472826171875008E-05
2.92,0.00375,3.0472948242187508E-05
2.94,-0.02125,3.0488084960937506E-05
2.96,-0.05875,3.063530175781251E-05
2.98,-0.0875,3.1411626953125E-05
3,-0.0775,3.1412126953125004E-05
3.02,-0.0725,3.1413314453125E-05
3.04,-0.06875,3.14149228515625E-05
3.06,-0.0625,3.1419439453125004E-05
3.08,-0.03875,3.14695556640625E-05
3.1,-0.03125,3.150061621093751E-05
3.12,-0.065,3.1519837890625E-05
3.14,-0.1025,3.271646875000001E-05
3.16,-0.12125,3.434574121093751E-05
3.18,-0.11,3.4346453125000005E-05
3.2,-0.07875,3.4384124023437504E-05
3.22,-0.0425,3.4589927734375E-05
3.24,-0.04125,3.4601741210937506E-05
3.26,-0.05375,3.460271777343751E-05
3.28,-0.05125,3.46027255859375E-05
3.3,-0.04,3.461588281250001E-05
3.32,-0.035,3.4668503906250007E-05
3.34,-0.035,3.4668503906250007E-05
3.36,-0.035,3.4668503906250007E-05
3.38,-0.025,3.479352734375001E-05
3.4,-0.02,3.486667968750001E-05
3.42,-0.04,3.4870679687500005E-05
3.44,-0.04,3.4870679687500005E-05
3.46,-0.0325,3.487089062500001E-05
3.48,-0.015,3.4955425781250006E-05
3.5,-0.0025,3.5192974609375007E-05
3.52,0.01375,3.55858818359375E-05
3.54,0.06125,3.739488964843751E-05
3.56,0.09875,3.9679694335937505E-05
3.58,0.105,4.014645703125001E-05
3.6,0.08,4.015426953125E-05
3.62,0.05125,4.02241005859375E-05
3.64,0.03625,4.0308932617187505E-05
3.66,0.0475,4.030964453125001E-05
3.68,0.07375,4.0335299804687504E-05
3.7,0.115,4.1273681640625E-05
3.72,0.15125,4.511699707031251E-05
3.74,0.1575,4.592254882812501E-05
3.76,0.1325,4.5930361328125E-05
3.78,0.0675,4.6287048828125E-05
3.8,0.00625,4.7652588867187506E-05
3.82,-0.0125,4.837904882812501E-05
3.84,-0.03375,4.94201826171875E-05
3.86,-0.02875,4.9420245117187504E-05
3.88,-0.00125,4.94373466796875E-05
3.9,0.03125,4.9557495117187504E-05
3.92,0.05625,4.97846826171875E-05
3.94,0.0625,4.9866015625000005E-05
3.96,0.05625,4.98661376953125E-05
3.98,0.0575,4.9866138671875E-05
4,0.06125,4.98662001953125E-05
4.02,0.04625,4.98682861328125E-05
4.04,0.01125,4.993344628906251E-05
4.06,-0.01,5.0056679687500005E-05
4.08,-0.02125,5.01598544921875E-05
4.1,-0.03875,5.05935322265625E-05
4.12,-0.0475,5.112190234375E-05
4.14,-0.0175,5.113540234375E-05
4.16,0.02,5.127567578125E-05
4.18,0.0325,5.1377902343750006E-05
4.2,0,5.139506640625E-05
4.22,-0.01875,5.1445208007812505E-05
4.24,-0.0175,5.1445208984375005E-05
4.26,-0.03625,5.15403798828125E-05
4.28,-0.0625,5.2650341796875E-05
4.3,-0.05125,5.26510537109375E-05
4.32,-0.02375,5.26794345703125E-05
4.34,-0.005,5.2745396484375E-05
4.36,0.03,5.3046068359375E-05
4.38,0.0925,5.4512279296875E-05
4.4,0.15625,5.78841064453125E-05
4.42,0.175,6.0416917968750004E-05
4.44,0.16875,6.04170400390625E-05
4.46,0.14625,6.04287998046875E-05
4.48,0.11125,6.05464599609375E-05
4.5,0.07625,6.0898401367187504E-05
4.52,0.08375,6.08986123046875E-05
4.54,0.1,6.0905099609375E-05
4.56,0.08625,6.0906399414062496E-05
4.58,0.075,6.0930314453125E-05
4.6,0.0525,6.1349447265625E-05
4.62,-0.025,6.4430314453125E-05
4.64,-0.0675,6.7560572265625E-05
4.66,-0.095,7.0271814453125E-05
4.68,-0.12375,7.37622666015625E-05
4.7,-0.15625,7.86037763671875E-05
4.72,-0.16,7.9228001953125E-05
4.74,-0.1225,7.925436914062499E-05
4.76,-0.1,7.9336001953125E-05
4.78,-0.08,7.9484001953125E-05
4.8,-0.0125,8.0832525390625E-05
4.82,0.04,8.3228001953125E-05
4.84,0.05875,8.446176660156249E-05
4.86,0.05875,8.446176660156249E-05
4.88,0.0525,8.4461888671875E-05
4.9,0.0125,8.451123242187499E-05
4.92,-0.09375,8.623505566406249E-05
4.94,-0.17625,9.256585253906249E-05
4.96,-0.17625,9.256585253906249E-05
4.98,-0.15375,9.257154785156249E-05
5,-0.0825,9.297783984374999E-05
5.02,-0.03125,9.409016503906248E-05
5.04,-0.0425,9.409087695312499E-05
5.06,-0.07125,9.41221650390625E-05
5.08,-0.12875,9.45535947265625E-05
5.1,-0.11,9.4556890625E-05
5.12,-0.05375,9.47645322265625E-05
5.14,0.0075,9.659478515625E-05
5.16,0.06375,0.00010040471191406249
5.18,0.0475,0.000100406857421875
5.2,0.01125,0.00010047706347656249
5.22,-0.00875,0.00010059525097656248
5.24,-0.0025,0.00010059537304687499
5.26,0.02625,0.00010061668847656249
5.28,0.0375,0.000100644716796875
5.3,0.05125,0.00010070325097656249
5.32,0.1025,0.0001047034453125
5.34,0.12625,0.00010771411035156249
5.36,0.0675,0.00010781549999999999
5.38,0.0225,0.00010827249609374998
5.4,0.01,0.000108499615234375
5.42,0.01125,0.0001084996162109375
5.44,0.01125,0.0001084996162109375
5.46,-0.02,0.00010927818749999999
5.48,-0.04375,0.00011017061230468749
5.5,-0.0625,0.00011107636914062499
5.52,-0.08625,0.00011251196386718749
5.54,-0.08,0.00011251208593749998
5.56,-0.02125,0.00011264927636718749
5.58,-0.02,0.00011265735156249998
5.6,-0.00875,0.0001127447060546875
5.62,-0.0375,0.00011275658789062499
5.64,-0.1175,0.000115420685546875
5.66,-0.14375,0.0001180210966796875
5.68,-0.11125,0.0001180382607421875
5.7,0.03125,0.0001207007841796875
5.72,0.1575,0.000132610326171875
5.74,0.20375,0.0001414582763671875
5.76,0.16,0.000141500146484375
5.78,0.03375,0.00014391477636718748
5.8,-0.09625,0.0001549582763671875
5.82,-0.18875,0.00017169181542968747
5.84,-0.13,0.00017179320507812497
5.86,-0.03125,0.00017364530761718747
5.88,0.04,0.00017767666601562496
5.9,0.08,0.00018139725976562497
5.92,0.0375,0.00018143564257812496
5.94,-0.015,0.00018182594726562498
5.96,-0.0475,0.00018243359570312498
5.98,-0.0675,0.00018300178320312499
6,-0.01,0.000183096837890625
6.02,0.00875,0.00018322344433593747
6.04,-0.0225,0.00018323870312499996
6.06,-0.07875,0.00018384095605468746
6.08,-0.14375,0.00018744149902343748
6.1,-0.165,0.00018919364453124998
6.12,-0.1075,0.00018928869921874998
6.14,0.01625,0.00019217081738281247
6.16,0.11125,0.00020034126269531248
6.18,0.13875,0.00020440447363281248
6.2,0.08625,0.00020447682519531248
6.22,-0.03375,0.00020697095019531247
6.24,-0.12,0.00021306633203124997
6.26,-0.13,0.00021410991796874998
6.28,-0.06375,0.00021425530566406248
6.3,0.01875,0.00021575558105468748
6.32,0.09,0.00021943391796875
6.34,0.1325,0.00022315386328125
6.36,0.1675,0.00022885871874999997
6.38,0.16,0.00022885892968749997
6.4,0.09375,0.00022905928417968748
6.42,0.05,0.0002296698359375
6.44,0.0525,0.00022966984375
6.46,0.0575,0.000229670046875
6.48,0.075,0.00022967764843749997
6.5,0.06,0.00022967933593749998
6.52,-0.01,0.00023167052343749998
6.54,-0.015,0.00023191353906249997
6.56,0.04875,0.00023204308105468746
6.58,0.08375,0.00023239502246093747
6.6,0.04,0.00023243689257812497
6.62,-0.04125,0.00023438561425781246
6.64,-0.03125,0.00023438611425781247
6.66,0.005,0.00023443508007812497
6.68,-0.01375,0.00023443837597656247
6.7,-0.02125,0.00023444412402343746
6.72,0.05125,0.00023479942871093746
6.74,0.18375,0.00024218879003906244
6.76,0.18625,0.00024271262597656249
6.78,0.0675,0.00024354990624999998
6.8,-0.0675,0.00025088198828125
6.82,-0.13,0.000258527349609375
6.84,-0.10375,0.0002585363935546875
6.86,-0.0625,0.00025868112304687496
6.88,-0.0525,0.00025876009179687503
6.9,-0.0475,0.000258808107421875
6.92,-0.02875,0.0002590463349609375
6.94,-0.02375,0.0002591270810546875
6.96,-0.0175,0.000259239263671875
6.98,-0.0125,0.000259338466796875
7,0.03125,0.0002606237255859375
7.02,0.10375,0.0002649132900390625
7.04,0.10375,0.0002649132900390625
7.06,0.0875,0.000264915435546875
7.08,0.00625,0.0002653767197265625
7.1,-0.065,0.000267316
7.12,-0.04375,0.00026732079785156247
7.14,-0.00625,0.0002674173896484375
7.16,-0.02,0.00026741868945312497
7.18,-0.0525,0.00026746685546875
7.2,-0.0475,0.00026746691796875
7.22,0.005,0.000267586431640625
7.24,0.06125,0.0002684210849609375
7.26,0.02875,0.00026843824902343747
7.28,-0.04875,0.0002690865849609375
7.3,-0.01875,0.00026910008496093746
7.32,0.075,0.00027011793164062495
7.34,0.085,0.000270433431640625
7.36,0.0175,0.000270587205078125
7.38,-0.0475,0.00027159653320312497
7.4,-0.06875,0.0002722846982421875
7.42,0.0525,0.00027317598046875
7.44,0.12,0.00027627773437500006
7.46,0.0375,0.00027655849218750006
7.48,-0.08125,0.00028035320410156253
7.5,-0.175,0.00029184735546875006
7.52,-0.25625,0.0003130771591796876
7.54,-0.36125,0.0003545902216796875
7.56,-0.41,0.00038000561523437505
7.58,-0.36875,0.0003800407099609376
7.6,-0.19375,0.00038506197949218757
7.62,-0.11375,0.0003930056669921876
7.64,-0.13,0.0003930078125000001
7.66,-0.12375,0.00039300793457031254
7.68,-0.00375,0.0004135334658203126
7.7,0.11375,0.0004518459013671876
7.72,0.1175,0.0004533999921875001
7.74,0.00625,0.0004540884384765626
7.76,-0.085,0.0004575518750000001
7.78,-0.0425,0.0004575902578125001
7.8,0.0025,0.0004578868359375001
7.82,-0.0025,0.0004578868984375001
7.84,-0.04375,0.00045793630175781257
7.86,0.065,0.0004593383066406251
7.88,0.2925,0.0005617566738281251
7.9,0.38375,0.0006384593564453126
7.92,0.29375,0.0006388238564453126
7.94,0.0875,0.000651459408203125
7.96,-0.1225,0.000703332525390625
7.98,-0.22,0.0007484970390625001
8,-0.21,0.0007484975390625
8.02,-0.16375,0.0007485860283203125
8.04,-0.085,0.0007497272265625
8.06,0.045,0.0007578018515625
8.08,0.155,0.0007748642265625
8.1,0.15,0.0007748642890625001
8.12,-0.07875,0.0007812501669921875
8.14,-0.23375,0.0008089220361328126
8.16,-0.28125,0.0008382335439453127
8.18,-0.145,0.0008394982207031252
8.2,-0.0375,0.0008454746328125001
8.22,-0.05625,0.0008454779287109377
8.24,-0.12875,0.0008458545322265626
8.26,-0.0925,0.0008458783496093751
8.28,-0.04375,0.0008461615947265626
8.3,0.03875,0.0008553773427734376
8.32,0.08375,0.0008633069052734377
8.34,0.13875,0.0008760373427734376
8.36,0.22625,0.0009043482412109376
8.38,0.245,0.0009118629335937501
8.4,0.145,0.0009123629335937502
8.42,0.07125,0.0009144856083984377
8.44,0.0625,0.0009149021289062501
8.46,0.095,0.0009149192929687501
8.48,0.09,0.0009149193554687501
8.5,0.01125,0.0009182832021484376
8.52,-0.045,0.0009240917617187501
8.54,-0.07125,0.0009277119853515626
8.56,-0.0375,0.0009277312070312501
8.58,0.05125,0.0009286311181640626
8.6,0.15125,0.0009332195556640626
8.62,0.13,0.000933224353515625
8.64,0.00375,0.0009348240791015627
8.66,-0.055,0.0009376063964843752
8.68,0.01625,0.0009377872490234375
8.7,0.1425,0.0009414582636718752
8.72,0.165,0.000943078703125
8.74,0.14,0.000943086515625
8.76,0.1075,0.0009431737578125001
8.78,0.06625,0.0009435601865234375
8.8,-0.07125,0.0009496717392578125
8.82,-0.12125,0.0009584212314453127
8.84,0.0825,0.0009626504765625002
8.86,0.21,0.000976594693359375
8.88,0.1925,0.0009765973730468751
8.9,0.0525,0.000978548185546875
8.92,-0.0275,0.000983292935546875
8.94,0.0375,0.0009834302480468751
8.96,0.2525,0.000999542109375
8.98,0.24125,0.0009995428212890625
9,0.055,0.0010033939765625001
9.02,0.01625,0.0010061351455078124
9.04,0.03625,0.0010061391455078125
9.06,0.13125,0.0010068955830078124
9.08,0.21625,0.0010101351455078125
9.1,0.195,0.001010139943359375
9.12,0.10375,0.0010108470595703125
9.14,0.05625,0.0010121831455078124
9.16,-0.04375,0.0010205421611328125
9.18,-0.18125,0.0010483447685546874
9.2,-0.315,0.0011071149550781248
9.22,-0.335,0.0011221857519531247
9.24,-0.145,0.0011256152519531248
9.26,-0.00375,0.0011403592138671873
9.28,0.0425,0.001149083806640625
9.3,-0.04625,0.0011494333291015625
9.32,-0.20625,0.0011567797041015624
9.34,-0.23,0.001159201220703125
9.36,-0.20125,0.0011592131025390624
9.38,-0.08375,0.0011607652958984373
9.4,0.00375,0.0011655871611328124
9.42,-0.0075,0.0011655878730468749
9.44,0.02375,0.0011673720068359375
9.46,0.0925,0.0011814861523437498
9.48,0.0725,0.00118149015234375
9.5,-0.065,0.00118343964453125
9.52,-0.2225,0.00119711408984375
9.54,-0.28625,0.0012086522919921875
9.56,-0.28125,0.0012086523544921875
9.58,-0.17125,0.0012094127294921876
9.6,-0.05,0.001215245328125
9.62,-0.02375,0.0012176962373046875
9.64,0.0575,0.0012289617402343749
9.66,0.14125,0.0012507643818359373
9.68,0.13375,0.0012507645927734372
9.7,0.05875,0.0012510451396484375
9.72,-0.02375,0.0012530104443359373
9.74,0.06,0.0012533041582031249
9.76,0.14375,0.0012561115322265624
9.78,0.02,0.0012570590898437499
9.8,-0.05125,0.0012598189697265623
9.82,-0.12,0.0012652852929687498
9.84,-0.1275,0.0012660903535156249
9.86,-0.0925,0.0012661117910156248
9.88,-0.19375,0.0012753760869140623
9.9,-0.27875,0.0012938638525390625
9.92,-0.235,0.0012939057226562499
9.94,-0.10375,0.0012965435400390623
9.96,0.01625,0.0013067000400390624
9.98,0.01625,0.0013067000400390624
10,-0.13625,0.0013084733291015625
10.02,-0.25375,0.0013165415400390624
10.04,-0.24125,0.0013165425166015623
10.06,-0.2075,0.0013165910058593748
10.08,-0.21625,0.0013165913408203123
10.1,-0.0575,0.0013203214023437496
10.12,0.19625,0.0013713582744140623
10.14,0.31625,0.001434498055664062
10.16,0.24875,0.0014346518291015623
10.18,0.08875,0.0014403853291015622
10.2,-0.06875,0.0014630313681640622
10.22,-0.06875,0.0014630313681640622
10.24,0.14,0.0014675796718749998
10.26,0.21625,0.0014746059306640622
10.28,0.11875,0.0014750693603515623
10.3,0.07125,0.0014761302431640622
10.32,0.0175,0.0014785313984374997
10.34,0.07125,0.0014786090419921872
10.36,0.07125,0.0014786090419921872
10.38,-0.01875,0.0014812501552734373
10.4,0.03125,0.0014813126552734373
10.42,0.2225,0.0014885173984374998
10.44,0.355,0.0015308461308593748
10.46,0.275,0.0015311021308593747
10.48,0.0625,0.0015433587324218748
10.5,-0.0975,0.0015771722324218747
10.52,-0.0025,0.0015776009199218745
10.54,0.13625,0.0015835581728515622
10.56,0.10875,0.001583568571289062
10.58,0.11375,0.001583568633789062
10.6,0.25875,0.001599799596679687
10.62,0.3625,0.0016289336855468749
10.64,0.155,0.0016334007714843748
10.66,-0.14375,0.0016938068544921873
10.68,-0.345,0.0018064600761718745
10.7,-0.315,0.0018064735761718748
10.72,-0.08125,0.001815633836914062
10.74,0.0975,0.0018497822089843746
10.76,0.25875,0.001916497758789062
10.78,0.34375,0.001969823504882812
10.8,0.38,0.0019969991386718745
10.82,0.335,0.0019970447011718744
10.84,0.12375,0.002005412346679687
10.86,-0.14875,0.002070912192382812
10.88,-0.3325,0.0021778516777343744
10.9,-0.36875,0.002207081092773437
10.92,-0.38875,0.002224524280273437
10.94,-0.31875,0.002224695780273437
10.96,-0.14875,0.002231436280273437
10.98,0.05375,0.0022678464130859374
11,0.2375,0.00234732848046875
11.02,0.26875,0.0023666449599609373
11.04,0.19375,0.0023668558974609373
11.06,0.0625,0.0023710318007812495
11.08,0.0125,0.0023750581679687494
11.1,-0.0425,0.0023817213749999996
11.12,-0.10125,0.002391971459960937
11.14,-0.11875,0.002395737733398437
11.16,-0.1225,0.0023965905624999994
11.18,-0.1075,0.0023965922499999993
11.2,0.16625,0.002408628053710937
11.22,0.3275,0.0024681386464843746
11.24,0.245,0.002468419404296875
11.26,0.16125,0.002470436143554687
11.28,0.18,0.0024704394394531246
11.3,0.225,0.0024705656855468746
11.32,0.1725,0.0024706380371093744
11.34,0.065,0.0024774416757812495
11.36,0.0625,0.0024777025429687494
11.38,0.12125,0.002477803932617187
11.4,0.1,0.0024778087304687495
11.42,0.09875,0.0024778096279296866
11.44,0.1075,0.002477809962890624
11.46,0.10625,0.0024778099638671867
11.48,0.025,0.002482441499999999
11.5,-0.03625,0.0024926657998046867
11.52,-0.07375,0.002500902118164062
11.54,-0.1425,0.002520512679687499
11.56,-0.1925,0.0025389051796874994
11.58,-0.20125,0.002542514233398437
11.6,-0.16125,0.0025425462333984366
11.62,-0.17375,0.0025425472099609367
11.64,-0.22875,0.0025547209658203117
11.66,-0.10625,0.0025556400986328116
11.68,-0.00375,0.002560416278320312
11.7,-0.0425,0.002560445371093749
11.72,-0.2025,0.0025643417460937496
11.74,-0.395,0.0026694189414062496
11.76,-0.46625,0.002740344364257812
11.78,-0.3625,0.0027409027499999995
11.8,-0.20875,0.0027488812939453116
11.82,-0.06125,0.002773559426757812
11.84,-0.0725,0.0027735601386718743
11.86,-0.14125,0.002773815426757812
11.88,-0.2025,0.0027749685058593744
11.9,-0.335,0.0027838167109374996
11.92,-0.42375,0.0027973768095703117
11.94,-0.38875,0.0027973982470703117
11.96,-0.225,0.0028013022773437494
11.98,-0.05375,0.002823073856445312
12,0.01875,0.0028450211923828116
12.02,-0.1275,0.002846585267578124
12.04,-0.21875,0.002851719434570312
12.06,-0.2025,0.002851721580078124
12.08,-0.04375,0.002854399122070312
12.1,0.11,0.002897051572265624
12.12,0.08875,0.0028970563701171867
12.14,0.03375,0.0028972732333984366
12.16,0.04,0.002897273355468749
12.18,0.055,0.002897278031249999
12.2,0.05625,0.002897278928710937
12.22,0.04875,0.002897279139648437
12.24,0.06625,0.002897290819335937
12.26,0.03375,0.0028973079833984373
12.28,0.0225,0.002897421283203125
12.3,0.0975,0.002897632220703125
12.32,0.2475,0.0029838863515624994
12.34,0.38,0.0031050966269531247
12.36,0.36875,0.003105097338867187
12.38,0.22625,0.003106913879882812
12.4,0.13,0.0031129091269531247
12.42,0.1075,0.0031152140410156248
12.44,0.1525,0.0031152596035156246
12.46,0.05375,0.003122550624023437
12.48,-0.105,0.0031622298144531246
12.5,-0.20375,0.003204648262695312
12.52,-0.28875,0.003254729133789062
12.54,-0.1625,0.0032557352871093745
12.56,0.0325,0.003271305884765625
12.58,0.1775,0.0033054079589843743
12.6,0.23625,0.003327080696289062
12.62,0.30375,0.0033587295478515623
12.64,0.33625,0.003376799446289062
12.66,0.2325,0.0033773578320312496
12.68,0.13125,0.003381107008789062
12.7,0.08625,0.003384611946289062
12.72,0.12625,0.0033846439462890624
12.74,0.2475,0.0033867083222656243
12.76,0.235,0.0033867092988281245
12.78,0.1325,0.003387468759765625
12.8,0.0625,0.0033912494824218744
12.82,0.03875,0.0033941575029296867
12.84,0.02,0.0033968069218749996
12.86,0.02875,0.003396807256835937
12.88,-0.00875,0.003401524680664062
12.9,-0.0325,0.0034060635468749993
12.92,-0.0025,0.0034060770468749995
12.94,0.1075,0.0034074355468749996
12.96,0.14125,0.003408686221679687
12.98,0.1425,0.0034087432343749995
13,0.125,0.0034087459140624997
13.02,0.01125,0.003409873727539062
13.04,-0.05125,0.0034154450166015617
13.06,0.01125,0.003415567086914062
13.08,0.1475,0.0034193704843749994
13.1,0.25375,0.003429631329101562
13.12,0.3225,0.0034415494101562496
13.14,0.40375,0.0034982440185546866
13.16,0.38625,0.003498246698242187
13.18,0.2525,0.003499974058593749
13.2,0.10125,0.003512084338867187
13.22,0.16625,0.003512221651367187
13.24,0.3575,0.0035204975468749993
13.26,0.3825,0.0035232079960937496
13.28,0.235,0.003524812519531249
13.3,0.0225,0.0035481989746093743
13.32,-0.02125,0.0035588741455078116
13.34,-0.01625,0.0035588742080078116
13.36,-0.1,0.0035844082812499993
13.38,-0.1425,0.003601988970703124
13.4,-0.085,0.0036020840253906243
13.42,0.04375,0.0036052193896484366
13.44,0.015,0.0036052312714843745
13.46,-0.12875,0.003607785866210937
13.48,-0.24,0.0036603418222656246
13.5,-0.245,0.0036634741308593744
13.52,-0.17125,0.003663674696289062
13.54,-0.14125,0.003664032516601562
13.56,-0.18375,0.0036640708994140616
13.58,-0.23625,0.003664461204101562
13.6,-0.21375,0.0036644668994140622
13.62,-0.13375,0.003665019952148437
13.64,-0.11375,0.003665461999023437
13.66,-0.11375,0.003665461999023437
13.68,-0.1075,0.0036656313105468746
13.7,-0.16875,0.003665746202148437
13.72,-0.32125,0.003720948342773437
13.74,-0.4425,0.003833425621093749
13.76,-0.43125,0.0038334263330078115
13.78,-0.25625,0.003836656040039062
13.8,-0.08125,0.003856997465820312
13.82,-0.005,0.0038752957382812495
13.84,0.01875,0.0038824914501953117
13.86,0.0075,0.003882492162109374
13.88,-0.11125,0.0038835899501953115
13.9,-0.25875,0.0038931760673828115
13.92,-0.2775,0.003895491501953124
13.94,-0.2275,0.003895554001953124
13.96,-0.15125,0.0038964976552734367
13.98,-0.15,0.0038965278378906244
14,-0.26375,0.0038972637470703116
14.02,-0.3625,0.003912271763671874
14.04,-0.405,0.003922609257812499
14.06,-0.40125,0.003922609284179686
14.08,-0.40125,0.003922609284179686
14.1,-0.41625,0.003925720612304687
14.12,-0.3225,0.003926132599609374
14.14,-0.12875,0.0039376024482421865
14.16,0.05,0.003977540697265624
14.18,0.1225,0.004007992283203124
14.2,0.0425,0.004008248283203124
14.22,-0.02,0.004009439103515623
14.24,-0.00125,0.004009442399414061
14.26,0.10125,0.004010330385742186
14.28,0.17,0.004035596462890623
14.3,0.085,0.004035903525390624
14.32,-0.04,0.004040226962890623
14.34,-0.1275,0.004048761767578123
14.36,-0.13,0.004049096462890624
14.38,-0.01,0.004049960462890623
14.4,0.12875,0.004057758321289061
14.42,0.18375,0.004070509061523436
14.44,0.2075,0.0040850173613281235
14.46,0.14,0.004085171134765623
14.48,0.06125,0.004086581436523436
14.5,0.0575,0.0040867048613281234
14.52,0.1475,0.004087069361328123
14.54,0.1175,0.004087082861328123
14.56,0.0125,0.004089453798828123
14.58,-0.00375,0.0040904600419921855
14.6,-0.00625,0.004090629379882811
14.62,0.01375,0.004090633379882811
14.64,0.095,0.004091148365234373
14.66,0.19125,0.004094481247070311
14.68,0.27875,0.00414579758691406
14.7,0.3225,0.004182048460937498
14.72,0.39625,0.004253230866210936
14.74,0.4525,0.004319723894531249
14.76,0.35,0.004320262339843749
14.78,0.13875,0.004335166522460935
14.8,-0.00375,0.004367211321289061
14.82,-0.1,0.004404050933593749
14.84,-0.05625,0.004404092803710936
14.86,0.03375,0.004405247264648436
14.88,-0.10375,0.004408172342773435
14.9,-0.23,0.004481072939453123
14.92,-0.155,0.004481283876953123
14.94,0.065,0.004493909126953122
14.96,0.24875,0.004535938063476561
14.98,0.25625,0.004538557186523436
15,0.09875,0.004540510678710936
15.02,-0.06,0.004554371910156248
15.04,-0.13125,0.004567649959960935
15.06,-0.15625,0.004573651913085936
15.08,-0.16125,0.004574943616210935
15.1,-0.1525,0.004574943951171873
15.12,-0.06375,0.004575407045898435
15.14,0.085,0.004582409800781248
15.16,0.18875,0.004596381116210935
15.18,0.20875,0.004600270116210935
15.2,0.32875,0.00464106711035156
15.22,0.5525,0.004853698666015621
15.24,0.6475,0.005015812529296872
15.26,0.4775,0.005018269029296872
15.28,0.15125,0.005076916799804685
15.3,-0.17875,0.005297848448242185
15.32,-0.3125,0.005458180529296872
15.34,-0.28375,0.005458192411132809
15.36,-0.14875,0.00546037593066406
15.38,-0.05625,0.005466593737304685
15.4,0.0575,0.0054835070292968725
15.42,0.055,0.005483507037109372
15.44,-0.0225,0.005483763029296872
15.46,-0.08125,0.005484842606445309
15.48,-0.10375,0.005485603405273435
15.5,0.0375,0.005487012484374997
15.52,0.19375,0.005527246450195309
15.54,0.17375,0.005527250450195309
15.56,0.0475,0.005528810525390622
15.58,-0.01375,0.005531713536132809
15.6,0.1325,0.0055332776113281214
15.62,0.37375,0.00563289841894531
15.64,0.6125,0.005867034015624996
15.66,0.7975,0.006232050804687497
15.68,0.83,0.006311927095703121
15.7,0.72625,0.006312485481445309
15.72,0.4675,0.00633574447851562
15.74,0.165,0.00645896690820312
15.76,0.02625,0.006571543997070307
15.78,0.0675,0.00657157909179687
15.8,0.1875,0.00657364037304687
15.82,0.28875,0.006580587942382808
15.84,0.19375,0.006581016629882808
15.86,-0.01625,0.006633031327148433
15.88,-0.16875,0.006828142329101557
15.9,-0.16875,0.006828142329101557
15.92,-0.14,0.006828154210937495
15.94,-0.19375,0.006866516541992183
15.96,-0.22375,0.006915074987304683
15.98,-0.0975,0.006916081140624995
16,0.065,0.00692711247851562
16.02,0.08375,0.006929613010742183
16.04,-0.12875,0.006934410862304683
16.06,-0.17875,0.006938656956054683
16.08,-0.0625,0.006939442460937495
16.1,0.17625,0.0069651628779296825
16.12,0.3275,0.007016918855468745
16.14,0.3825,0.007044573156249996
16.16,0.44125,0.007080202690429683
16.18,0.4975,0.007120760566406245
16.2,0.45625,0.007120795661132807
16.22,0.2425,0.007129051253906245
16.24,0.0325,0.0071710328789062455
16.26,0.07875,0.007171082344726558
16.28,0.3775,0.007191564691406245
16.3,0.53125,0.007248891940429682
16.32,0.45375,0.007249124682617182
16.34,0.195,0.007267900835937495
16.36,-0.1075,0.00737919743945312
16.38,-0.22875,0.007472443874023432
16.4,-0.27625,0.0075559484658203075
16.42,-0.43,0.007879228140624995
16.44,-0.55375,0.008203817526367185
16.46,-0.64875,0.008495832608398434
16.48,-0.63125,0.008495835288085934
16.5,-0.5475,0.008496351593749996
16.52,-0.5225,0.008496838761718747
16.54,-0.62875,0.00849743849316406
16.56,-0.83875,0.009204558672851559
16.58,-0.8925,0.009436386580078122
16.6,-0.5275,0.009460700142578122
16.62,-0.0125,0.00977712258007812
16.64,0.4825,0.010736191267578122
16.66,0.5625,0.010976522267578122
16.68,0.22375,0.01099595831347656
16.7,-0.14125,0.01115079330957031
16.72,-0.46375,0.011516939905273436
16.74,-0.65,0.011867804494140623
16.76,-0.59,0.011867912494140622
16.78,-0.155,0.011928448181640622
16.8,0.28625,0.012278146045898435
16.82,0.24,0.012278195511718748
16.84,-0.2475,0.012354175814453123
16.86,-0.745,0.012914827769531248
16.88,-1.0725,0.014225062246093748
16.9,-1.2225,0.015105348027343748
16.92,-1.25125,0.01528957980175781
16.94,-1.14375,0.015290200950195312
16.96,-1.07,0.015292556974609373
16.98,-1.06,0.015293077435546873
17,-0.91,0.015309449349609372
17.02,-0.52625,0.01548011886425781
17.04,-0.095,0.016062483244140623
17.06,0.31,0.01719235445898437
17.08,0.5125,0.018032928953125
17.1,0.38625,0.018033935106445312
17.12,0.12,0.0180631624921875
17.14,-0.08375,0.01813891658300781
17.16,-0.10875,0.01815281515722656
17.18,0.22,0.018170580242187498
17.2,0.62875,0.018851688209960936
17.22,1.0025,0.021253188759765625
17.24,1.22375,0.023109813147460932
17.26,1.05375,0.02311226964746093
17.28,0.46625,0.02332714226464843
17.3,-0.02,0.024071800330078122
17.32,-0.59125,0.02609932233496093
17.34,-0.88375,0.027790103045898434
17.36,-1.045,0.02894869827929687
17.38,-0.98625,0.028948799668945306
17.4,-0.64875,0.028979806690429682
17.42,-0.26625,0.029184835356445307
17.44,0.12625,0.02975207420996093
17.46,0.59125,0.03113907584667968
17.48,0.91375,0.0327062678720703
17.5,1.1625,0.03432733411523437
17.52,1.13625,0.03432734315917968
17.54,0.6875,0.03438092005273437
17.56,-0.0425,0.03520217917773437
17.58,-0.68625,0.037486733762695304
17.6,-1.2325,0.041276564433593746
17.62,-1.66,0.04585773759570312
17.64,-1.825,0.04803596227929687
17.66,-1.825,0.04803596227929687
17.68,-1.7875,0.04803598864648437
17.7,-1.81875,0.04803600390527343
17.72,-1.79625,0.04803600960058593
17.74,-1.6625,0.04803813830468749
17.76,-1.53875,0.04804772032519531
17.78,-1.5575,0.048047723621093746
17.8,-1.5275,0.04804916469335937
17.82,-0.9675,0.04835126194335937
17.84,-0.3,0.04980928845117187
17.86,0.58375,0.0550238753486328
17.88,1.22375,0.06220487684863281
17.9,1.785,0.07155893988867187
17.92,2.2075,0.08082235405273437
17.94,2.0325,0.08082503374023438
17.96,1.3825,0.08110311186523438
17.98,0.7325,0.08242687749023438
18,0.0825,0.08562020561523437
18.02,-0.505,0.09080117534179688
18.04,-0.7175,0.09333495561523437
18.06,-0.40375,0.09335039824316406
18.08,0.33875,0.09392416569824219
18.1,1.48375,0.09866803577246094
18.12,2.0875,0.10436986067773438
18.14,2.515,0.11393445451367187
18.16,2.775,0.12172920251367186
18.18,2.87125,0.12484854537792969
18.2,2.84,0.12484856063671876
18.22,2.365,0.12491341854687502
18.24,1.8575,0.12536945527148438
18.26,1.35125,0.1266044493779297
18.28,0.845,0.12900812160937503
18.3,0.33875,0.1329697109794922
18.32,-0.0725,0.1376033196699219
18.34,-0.39125,0.1422114174482422
18.36,-0.58375,0.14546975606542972
18.38,-0.675,0.147147168671875
18.4,-0.80875,0.1497665613779297
18.42,-1.0025,0.15391317359960938
18.44,-1.06375,0.15531375806542969
18.46,-0.85625,0.1553182251513672
18.48,-0.3175,0.155521547296875
18.5,0.43,0.1569802520839844
18.52,1.2,0.16111412401367187
18.54,1.69,0.1657547926621094
18.56,1.81875,0.16728882507324222
18.58,1.4975,0.16730540182421877
18.6,0.975,0.1675891638183594
18.62,0.4825,0.16848180506250002
18.64,0.06375,0.1699915470107422
18.66,-0.2425,0.17166769465234377
18.68,-0.46625,0.17325407463574222
18.7,-0.6775,0.17506622153125
18.72,-0.85125,0.1768059065732422
18.74,-0.985,0.17830898416210939
18.76,-1.0425,0.17900099652734378
18.78,-1.03125,0.17900099723925783
18.8,-0.87375,0.1790033992373047
18.82,-0.6875,0.17902336596484378
18.84,-0.48375,0.17908821783886722
18.86,-0.29,0.17921405044140626
18.88,-0.08875,0.17943478065527346
18.9,0.13375,0.17981470514160158
18.92,0.42375,0.1805771339462891
18.94,0.75875,0.18192307574707034
18.96,0.85875,0.18243726973144533
18.98,0.78875,0.18243744123144534
19,0.62875,0.18244335323144534
19.02,0.485,0.18246337412500002
19.04,0.44375,0.18247300641894532
19.06,0.27625,0.18253609267675783
19.08,0.05875,0.18269326973144534
19.1,-0.1325,0.1829242592402344
19.12,-0.35125,0.18332305023144535
19.14,-0.57625,0.18391476366894532
19.16,-0.695,0.18431275401562502
19.18,-0.665,0.18431276751562503
19.2,-0.5375,0.18431470750781254
19.22,-0.45375,0.1843197745791016
19.24,-0.4125,0.18432402664843753
19.26,-0.33375,0.1843363258603516
19.28,-0.2125,0.1843689185234375
19.3,-0.065,0.184437777515625
19.32,0.13625,0.18459994114941408
19.34,0.34625,0.1848772164541016
19.36,0.505,0.18517675401562503
19.38,0.52625,0.18522347162597658
19.4,0.3475,0.18522632729687505
19.42,0.15125,0.1852498388134766
19.44,-0.11625,0.18535608563378908
19.46,-0.31125,0.1855171854931641
19.48,-0.42,0.1856471025761719
19.5,-0.50375,0.18576983512597658
19.52,-0.53875,0.1858274464384766
19.54,-0.5825,0.18590497953906254
19.56,-0.68625,0.1861147538525391
19.58,-0.89625,0.18696142688964845
19.6,-1.12,0.18928312006250003
19.62,-1.36125,0.19540328256152345
19.64,-1.42375,0.19710764720996096
19.66,-1.41875,0.19710764727246097
19.68,-1.4275,0.19721150247460942
19.7,-1.37125,0.19721159146386724
19.72,-1.0775,0.19723293997460942
19.74,-0.7575,0.1973618839746094
19.76,-0.3575,0.1978240239746094
19.78,0.13,0.19910059909179692
19.8,0.5725,0.20121150247460942
19.82,0.825,0.2029258204511719
19.84,1.0125,0.20447489447460943
19.86,0.965,0.20447494806054692
19.88,0.80125,0.20447960815527347
19.9,0.7,0.20449015326367193
19.92,0.705,0.20449015332617193
19.94,0.58375,0.20451430241894536
19.96,0.295,0.2046595813417969
19.98,-0.045,0.2050661990292969
20,-0.2725,0.2055358066621094
20.02,-0.56375,0.20643304165136722
20.04,-0.785,0.2073787614667969
20.06,-1.06875,0.20898246747558596
20.08,-1.2525,0.2102848744121094
20.1,-1.2025,0.21028493691210942
20.12,-1.09,0.21028701991992194
20.14,-0.97625,0.21029541529199225
20.16,-0.81625,0.21032638666699224
20.18,-0.55375,0.21045545730175785
20.2,-0.40125,0.21059329359277348
20.22,-0.39375,0.21060151767675786
20.24,-0.4775,0.21060181139062506
20.26,-0.56875,0.21060419736425787
20.28,-0.50875,0.21060430536425787
20.3,-0.26,0.21077906795117193
20.32,0.00625,0.21128744798925786
20.34,0.30125,0.21216571807128914
20.36,0.51125,0.21303358293847663
20.38,0.61625,0.21355328298144538
20.4,0.7125,0.21408388734960943
20.42,0.9175,0.21539939028710944
20.44,1.13625,0.21726234762597663
20.46,1.22625,0.21818119158691412
20.48,1.1475,0.21818143577343757
20.5,0.995,0.21818737481445322
20.52,0.82625,0.21821319158691416
20.54,0.645,0.21827937969726569
20.56,0.46625,0.21840067958691414
20.58,0.31875,0.21855488023535163
20.6,0.24,0.21866084888085946
20.62,0.255,0.21866085056835943
20.64,0.30375,0.21866097842285165
20.66,0.3675,0.21866188521679694
20.68,0.44125,0.21866492435058602
20.7,0.49125,0.2186687791552735
20.72,0.56375,0.21867781565722663
20.74,0.7,0.21870951688085943
20.76,0.8475,0.21877294971679695
20.78,0.8775,0.21879039087304694
20.8,0.9075,0.21880955327929696
20.82,0.94875,0.21883886085644538
20.84,0.84,0.21883950392578133
20.86,0.57125,0.21886575891113288
20.88,0.3975,0.21892261683398445
20.9,0.29625,0.21897776383300788
20.92,0.23375,0.2190260497021485
20.94,0.1875,0.21909762197460947
20.96,0.19,0.21909762198242194
20.98,0.255,0.21909777574804695
21,0.43375,0.21910508815917978
21.02,0.63875,0.2191435652177735
21.04,0.77625,0.21919966016894538
21.06,0.81375,0.21922042617480475
21.08,0.755,0.2192205275644532
21.1,0.59375,0.21922575017480478
21.12,0.38,0.21926122883398447
21.14,0.21,0.21933046385742194
21.16,0.0725,0.2195507247851563
21.18,-0.05875,0.21984373600097662
21.2,-0.18125,0.22017699227441412
21.22,-0.28125,0.22049576321191414
21.24,-0.39,0.22089385983398446
21.26,-0.5325,0.22150290806250006
21.28,-0.73,0.22252602425585943
21.3,-0.8975,0.2235722136835938
21.32,-1.04375,0.22463136543847662
21.34,-1.05875,0.22474807350097664
21.36,-1,0.22474817489062507
21.38,-0.895,0.2247502689023438
21.4,-0.775,0.22475949643359383
21.42,-0.66375,0.22477888843847663
21.44,-0.5275,0.22482303993164068
21.46,-0.25875,0.22500407350097662
21.48,0.12,0.22556698151562507
21.5,0.46875,0.22653009796191415
21.52,0.65375,0.22725916041503913
21.54,0.72375,0.22757984769628914
21.56,0.725,0.22758580932421882
21.58,0.71125,0.2275858106240235
21.6,0.6475,0.2275860420664063
21.62,0.4675,0.22759434625390632
21.64,0.2425,0.22764197383203133
21.66,0.13125,0.2276904693583985
21.68,0.04,0.22774651888671882
21.7,-0.0125,0.2277863747539063
21.72,-0.05875,0.227826524053711
21.74,-0.10875,0.22787559542089852
21.76,-0.17875,0.227954884584961
21.78,-0.27125,0.22808020539160162
21.8,-0.3625,0.22822887866015631
21.82,-0.40125,0.22830009907128912
21.84,-0.4,0.2283000990722657
21.86,-0.40375,0.2283048662861329
21.88,-0.42625,0.22834872920996102
21.9,-0.45375,0.2284047173408204
21.92,-0.46,0.22841781263867195
21.94,-0.465,0.22842838882617195
21.96,-0.48875,0.22847985093847664
21.98,-0.52125,0.22855360910449227
22,-0.44875,0.22855379964355477
22.02,-0.28875,0.22855989314355477
22.04,-0.215,0.22856797055468758
22.06,-0.2175,0.22856797056250008
22.08,-0.20125,0.22856999312011728
22.1,-0.17125,0.22857504662011727
22.12,-0.16875,0.22857550928417977
22.14,-0.255,0.2285758300937501
22.16,-0.33,0.22857760566015634
22.18,-0.315,0.22857760734765634
22.2,-0.2525,0.22857783840234383
22.22,-0.17875,0.2285793357001954
22.24,-0.11,0.22859257852148446
22.26,-0.00375,0.2286270967392579
22.28,0.065,0.2286585457285157
22.3,0.045,0.2286585497285157
22.32,-0.01875,0.2286588394423829
22.34,-0.13125,0.22866232492089852
22.36,-0.27,0.2286773434160157
22.38,-0.325,0.2286882052285157
22.4,-0.32625,0.2286884913310548
22.42,-0.3525,0.2286949321582032
22.44,-0.3925,0.22870642453320322
22.46,-0.41375,0.22871341085253916
22.48,-0.38125,0.22871342801660166
22.5,-0.3325,0.2287136790410157
22.52,-0.35875,0.228713688084961
22.54,-0.4825,0.22874114037890636
22.56,-0.5625,0.22885914239453134
22.58,-0.555,0.22885914260546886
22.6,-0.52625,0.22885916621191416
22.62,-0.49875,0.22885927193652353
22.64,-0.4,0.22886128790234384
22.66,-0.18125,0.2288868500361329
22.68,0.0675,0.22898416589453136
22.7,0.35875,0.22925007555175791
22.72,0.6425,0.22973398745703133
22.74,0.8475,0.23055197798242194
22.76,0.95125,0.23114882328222663
22.78,1.00375,0.23147536360253915
22.8,0.9925,0.2314753643144532
22.82,0.92125,0.23147564436035165
22.84,0.8125,0.23147886123632821
22.86,0.62375,0.23150279960253917
22.88,0.345,0.2316182963984376
22.9,0.07875,0.23187109016503915
22.92,-0.1625,0.23226849469335947
22.94,-0.275,0.23252087060156257
22.96,-0.27,0.23252087066406257
22.98,-0.14875,0.2325218767548829
23,0.01375,0.23253290809277352
23.02,0.0875,0.23254468798437508
23.04,0.0875,0.23254468798437508
23.06,0.08125,0.2325446881064454
23.08,0.0925,0.23254568743164072
23.1,0.1675,0.23256419297851572
23.12,0.24625,0.23259168306542977
23.14,0.3325,0.2326329716816407
23.16,0.395,0.2326712523457032
23.18,0.3725,0.2326712580410157
23.2,0.25875,0.23267251702246103
23.22,0.06875,0.2326886152177735
23.24,-0.13125,0.23274412193652352
23.26,-0.305,0.2328969577285157
23.28,-0.3675,0.23306532574609384
23.3,-0.38125,0.2331044976591798
23.32,-0.33875,0.23310453604199227
23.34,-0.3275,0.23310457530273446
23.36,-0.38,0.23310464765429695
23.38,-0.4525,0.23332039065429694
23.4,-0.45875,0.23334035732910163
23.42,-0.425,0.23334037655078133
23.44,-0.40125,0.23334045238378914
23.46,-0.345,0.23334109323828134
23.48,-0.29375,0.23334260339160165
23.5,-0.22625,0.23334664136816413
23.52,-0.13125,0.23335792054003915
23.54,0.02,0.23339522245312508
23.56,0.14875,0.23345245816503915
23.58,0.18,0.23347066282812506
23.6,0.185,0.23347374685546884
23.62,0.27375,0.23353687105566415
23.64,0.43875,0.23370182825878916
23.66,0.54625,0.23384789489160163
23.68,0.48625,0.23384800289160163
23.7,0.37125,0.23385057457910163
23.72,0.32125,0.23385359020410162
23.74,0.41875,0.23385405363378914
23.76,0.61375,0.23396857286816414
23.78,0.75375,0.23424303018066414
23.8,0.76125,0.23425967195410163
23.82,0.65625,0.23426025076660165
23.84,0.56125,0.23426367195410164
23.86,0.5275,0.23426605789453134
23.88,0.525,0.23426626499023445
23.9,0.5075,0.23426784131640632
23.92,0.43125,0.23427764045410165
23.94,0.26625,0.23432031564160166
23.96,0.04875,0.23444052449316416
23.98,-0.13375,0.23461813064160164
24,-0.1925,0.23469345608203135
24.02,-0.1925,0.23469345608203135
24.04,-0.18125,0.2346934567939454
24.06,-0.31875,0.23488952937792978
24.08,-0.48,0.23523677042773447
24.1,-0.62125,0.2357490299951173
24.12,-0.74125,0.23626030649511728
24.14,-0.76875,0.23638790365917978
24.16,-0.66,0.23638854672851572
24.18,-0.43625,0.2364062836357423
24.2,-0.205,0.23647748749804698
24.22,-0.0375,0.23658341305859387
24.24,0.0075,0.2366217738359376
24.26,-0.00125,0.23662177417089852
24.28,-0.00875,0.2366217759814454
24.3,0.07125,0.23668425995019543
24.32,0.2875,0.23697711803320323
24.34,0.46875,0.23733546556738291
24.36,0.4325,0.23733548938476573
24.38,0.23375,0.2373419545048829
24.4,0.00875,0.23738413356738292
24.42,-0.195,0.23748167776562512
24.44,-0.3075,0.23756933574414074
24.46,-0.35625,0.23761622337988292
24.48,-0.355,0.23761622338085947
24.5,-0.3025,0.23761630102343761
24.52,-0.295,0.23761633827148448
24.54,-0.3375,0.23761637665429697
24.56,-0.365,0.23762548144726575
24.58,-0.33875,0.23762549049121107
24.6,-0.13625,0.23763146629785167
24.62,0.07,0.23766663788476572
24.64,0.185,0.23770866894726572
24.66,0.17625,0.23770866928222667
24.68,0.1775,0.23770866928320322
24.7,0.30625,0.23777670687597668
24.72,0.425,0.2378720016171876
24.74,0.47375,0.2379268002294923
24.76,0.41125,0.2379269222998048
24.78,0.245,0.23793278508007826
24.8,0.07,0.2379597086933595
24.82,0.0175,0.23797428765625012
24.84,0.055,0.2379743140234376
24.86,0.17,0.23797606094531262
24.88,0.27625,0.23798294951464855
24.9,0.30125,0.2379857105888673
24.92,0.27875,0.2379857162841798
24.94,0.22625,0.2379859215263673
24.96,0.19375,0.23798633173730482
24.98,0.19375,0.23798633173730482
25,0.2125,0.23798633503320327
25.02,0.0825,0.23799095094531264
25.04,-0.04625,0.23801995668652356
25.06,-0.1175,0.23805299625781262
25.08,-0.18,0.23808935548632826
25.1,-0.23125,0.23812485399902356
25.12,-0.2475,0.23813725037500014
25.14,-0.21,0.23813727674218765
25.16,-0.17625,0.2381374312275392
25.18,-0.2025,0.2381374402714845
25.2,-0.27875,0.2381630683056642
25.22,-0.3375,0.23821696697851574
25.24,-0.32625,0.23821696769042983
25.26,-0.31,0.23821697737695324
25.28,-0.39875,0.2382821332275392
25.3,-0.52,0.23844071866015637
25.32,-0.53375,0.23846136977441418
25.34,-0.46125,0.23846156031347668
25.36,-0.315,0.23846660353906263
25.38,-0.26125,0.23847148718847666
25.4,-0.4025,0.23847289626757823
25.42,-0.55375,0.23851266479003919
25.44,-0.5725,0.23854290307617199
25.46,-0.445,0.2385439394121095
25.48,-0.315,0.23855144000585948
25.5,-0.3125,0.23855169107617197
25.52,-0.45,0.23855299088085946
25.54,-0.6025,0.23861116377148447
25.56,-0.62375,0.2386488188212892
25.58,-0.595,0.2386488307031251
25.6,-0.49625,0.23864985515722667
25.62,-0.32375,0.2386623188212892
25.64,-0.12125,0.23871226101660167
25.66,-0.025,0.2387561452265626
25.68,0.0375,0.23879338511914072
25.7,0.14,0.23887157187890634
25.72,0.25375,0.23898665906347666
25.74,0.36875,0.23913765298535167
25.76,0.4575,0.23928086435351575
25.78,0.53375,0.23945555168847665
25.8,0.57875,0.23957406776660167
25.82,0.5375,0.23957410286132824
25.84,0.51125,0.23957422154003916
25.86,0.5,0.23957431195312512
25.88,0.525,0.2395743197656251
25.9,0.5775,0.23957454469531259
25.92,0.72125,0.24000516486621104
25.94,0.85375,0.24048681106152353
25.96,0.90375,0.24069039590527352
25.98,0.68625,0.24069554045996105
26,0.515,0.24071977113085946
26.02,0.39125,0.24075770156933604
26.04,0.38125,0.24076171878808605
26.06,0.40625,0.24076172660058603
26.08,0.42875,0.24076177237402355
26.1,0.425,0.24076177240039073
26.12,0.39625,0.24076178953808605
26.14,0.38625,0.24076181075683606
26.16,0.415,0.24076182263867196
26.18,0.43,0.24076185348242196
26.2,0.37875,0.24076294009082042
26.22,0.28875,0.2408068927158204
26.24,0.24625,0.24083270920800792
26.26,0.30625,0.24083281720800792
26.28,0.45875,0.2408375070595704
26.3,0.6525,0.24086623276757824
26.32,0.6675,0.24087008494335949
26.34,0.4675,0.2408740849433595
26.36,0.2,0.24093961104101574
26.38,-0.01125,0.24114837043652354
26.4,-0.09,0.24125602347070324
26.42,-0.04875,0.2412560585654298
26.44,0.1025,0.24125959013476572
26.46,0.33875,0.24129543129003916
26.48,0.52125,0.2413702130888673
26.5,0.5325,0.24137663479101573
26.52,0.41,0.2413775539238282
26.54,0.23125,0.24139030424511726
26.56,0.06875,0.24142650277050792
26.58,-0.03875,0.2414698418154298
26.6,-0.03875,0.2414698418154298
26.62,-0.0025,0.24146986563281259
26.64,-0.0275,0.2414698734453126
26.66,-0.1525,0.241595820357422
26.68,-0.24125,0.24175717208691416
26.7,-0.255,0.2417845379921876
26.72,-0.20125,0.2417846156357423
26.74,-0.12625,0.24178560510839855
26.76,0.0425,0.2417977032968751
26.78,0.25125,0.24184941116113293
26.8,0.405,0.2419282859921876
26.82,0.3025,0.2419288244375001
26.84,0.0075,0.2419596897343751
26.86,-0.33875,0.24225319590722666
26.88,-0.5625,0.24287024369335947
26.9,-0.59125,0.24296478746191416
26.92,-0.4325,0.2429667878359376
26.94,-0.21875,0.24299063081347666
26.96,-0.04875,0.24304461803222666
26.98,-0.10375,0.24304470121972666
27,-0.2875,0.2430514225937501
27.02,-0.52625,0.24309905452441416
27.04,-0.58125,0.24312011488378915
27.06,-0.4625,0.2431209521640626
27.08,-0.2675,0.24313555751171884
27.1,-0.13125,0.24316567738378916
27.12,-0.1675,0.24316570120117198
27.14,-0.37125,0.24317258938378916
27.16,-0.6175,0.24330513197851572
27.18,-0.69375,0.24358330740722667
27.2,-0.6875,0.243583307529297
27.22,-0.5775,0.24358409291210947
27.24,-0.38875,0.24359749371972667
27.26,-0.22,0.24363647141015635
27.28,-0.23375,0.24363647270996103
27.3,-0.44,0.24364179541015635
27.32,-0.62625,0.24366999496972666
27.34,-0.74125,0.24387692598339855
27.36,-0.8175,0.24422654350000012
27.38,-0.8525,0.24440405144140637
27.4,-0.8425,0.24440405194140635
27.42,-0.7675,0.24440435850390635
27.44,-0.705,0.24440565596484387
27.46,-0.655,0.24440790330859385
27.48,-0.6325,0.24440937544140634
27.5,-0.58125,0.24441403026269543
27.52,-0.48125,0.24442963549707042
27.54,-0.36625,0.24446153568847667
27.56,-0.26125,0.24450739501269542
27.58,-0.16625,0.24456564240722667
27.6,-0.12375,0.24459756246386727
27.62,-0.1,0.24461710535546888
27.64,-0.09375,0.24462245822167977
27.66,-0.12,0.2446224672656251
27.68,-0.06125,0.24465176106933606
27.7,0.1125,0.24485338559179698
27.72,0.21875,0.24501874022558606
27.74,0.17625,0.24501877860839855
27.76,-0.0075,0.24502453098828136
27.78,-0.12875,0.24503972162402354
27.8,-0.14,0.2450418260683595
27.82,-0.1225,0.24504182874804697
27.84,-0.0975,0.245041864451172
27.86,-0.04,0.24504232606835946
27.88,0.02625,0.24504412356542982
27.9,-0.00875,0.24504414500292981
27.92,-0.17375,0.24505356875878917
27.94,-0.39125,0.24513682571972667
27.96,-0.4025,0.24514322142382824
27.98,-0.2675,0.24514445161132825
28,-0.12375,0.24515405107910168
28.02,-0.12375,0.24515405107910168
28.04,-0.14625,0.24515405677441418
28.06,-0.08625,0.24515904753808607
28.08,0.07125,0.24519639681738292
28.1,0.31125,0.24543648981738292
28.12,0.50125,0.24588891588769543
28.14,0.53625,0.24598763839160168
28.16,0.48875,0.24598769197753917
28.18,0.405,0.24598876888476573
28.2,0.375,0.24598973476757824
28.22,0.3825,0.24598973497851573
28.24,0.50375,0.2459908018837892
28.26,0.68375,0.24646546528222668
28.28,0.80625,0.2469346262138673
28.3,0.795,0.2469346269257814
28.32,0.81125,0.24695532579003915
28.34,0.81375,0.24696572163574232
28.36,0.7825,0.24696573689453138
28.38,0.74625,0.2469658754091798
28.4,0.72875,0.2469660286982423
28.42,0.61125,0.24696987351855482
28.44,0.34125,0.2470184659248048
28.46,0.03125,0.2472052864560548
28.48,-0.09375,0.2473394102841798
28.5,-0.0575,0.24733943410156262
28.52,0.09375,0.2473427061826173
28.54,0.1,0.24734304688085948
28.56,-0.035,0.24734427706835949
28.58,-0.2775,0.24762273957226574
28.6,-0.39375,0.24785329629003916
28.62,-0.26375,0.24785439479003918
28.64,0.005,0.2478849972265626
28.66,0.225,0.2479717409921876
28.68,0.36125,0.24806848072753918
28.7,0.33875,0.24806848642285168
28.72,0.2675,0.24806889271484384
28.74,0.26375,0.24806894415722666
28.76,0.35625,0.24806933988378915
28.78,0.49125,0.24820080021191415
28.8,0.58125,0.24831765283691415
28.82,0.51,0.2483178336894532
28.84,0.34125,0.24832456483691415
28.86,0.235,0.24833840863085946
28.88,0.27125,0.24833843244824227
28.9,0.43625,0.24834248410058601
28.92,0.62,0.24841664463085947
28.94,0.7225,0.24859116633593759
28.96,0.67125,0.24859123364160163
28.98,0.5475,0.2485938460234376
29,0.4925,0.2485972498359376
29.02,0.495,0.2485972498437501
29.04,0.3325,0.2486208258515626
29.06,0.21,0.24865847201562508
29.08,0.03,0.2487572127031251
29.1,0.00625,0.24877488951269539
29.12,0.10875,0.2487754279580079
29.14,0.3325,0.2487922523847657
29.16,0.5125,0.2488397626816407
29.18,0.53,0.24884672550781256
29.2,0.33875,0.24885022314160166
29.22,-0.0525,0.24896758052929696
29.24,-0.49625,0.24967401397949227
29.26,-0.66875,0.25017909236230473
29.28,-0.65625,0.25017909333886723
29.3,-0.53,0.25018042793945316
29.32,-0.3375,0.25019726582421886
29.34,-0.11125,0.2502657296044922
29.36,0.055,0.25036864757617194
29.38,-0.00625,0.2503687624677735
29.4,-0.09125,0.25037021165136725
29.42,-0.1225,0.25037144375585946
29.44,-0.1025,0.25037144775585946
29.46,-0.1425,0.2503725074433594
29.48,-0.33375,0.2503980308017579
29.5,-0.61625,0.250519880334961
29.52,-0.81875,0.2511044390712891
29.54,-0.77,0.25110449700000004
29.56,-0.62,0.2511083645390626
29.58,-0.53625,0.25111571170410163
29.6,-0.52875,0.2511166335712891
29.62,-0.57125,0.25111667195410164
29.64,-0.55,0.2511166767519532
29.66,-0.50125,0.25112051882910164
29.68,-0.405,0.25113993057421885
29.7,-0.385,0.25114531849609384
29.72,-0.50625,0.25114620977832036
29.74,-0.7,0.2511609464335938
29.76,-0.74125,0.2511679250634766
29.78,-0.5925,0.2511695707265626
29.8,-0.37,0.2511949128378907
29.82,-0.17125,0.25128546318261724
29.84,-0.08375,0.2513482616591798
29.86,-0.1225,0.2513482907519532
29.88,-0.295,0.2513529753398438
29.9,-0.44625,0.25137207904199227
29.92,-0.44,0.25137207916406257
29.94,-0.435,0.2513720797539063
29.96,-0.5375,0.2513949741640626
29.98,-0.65125,0.2514396465439454
30,-0.6375,0.25143964784375006
30.02,-0.56875,0.2514399273017579
30.04,-0.50625,0.2514411708564454
30.06,-0.45375,0.2514434984111329
30.08,-0.2775,0.25146575093750007
30.1,0.02,0.25162752828515633
30.12,0.25125,0.2519450188173829
30.14,0.2825,0.25200026864648445
30.16,0.1825,0.25200076864648446
30.18,0.11875,0.25200246404785165
30.2,0.15125,0.25200248121191415
30.22,0.1525,0.25200248326953134
30.24,0.07625,0.25200469393066416
30.26,-0.22125,0.252064223913086
30.28,-0.4625,0.2522070539023439
30.3,-0.44,0.2522070595976563
30.32,-0.3075,0.25220891583984384
30.34,-0.2725,0.25221048340234387
30.36,-0.33375,0.25221059829394543
30.38,-0.535,0.2522803362695314
30.4,-0.6675,0.2524358535898439
30.42,-0.71375,0.2525015621572267
30.44,-0.62,0.25250197414453135
30.46,-0.43625,0.2525122467744142
30.48,-0.2,0.25256936150390635
30.5,-0.08125,0.25262807994628916
30.52,-0.1975,0.252628865451172
30.54,-0.36375,0.2526393525791017
30.56,-0.36875,0.2526399617822267
30.58,-0.04125,0.25267739699316416
30.6,0.4375,0.25334323486914073
30.62,0.45625,0.25338828650488293
30.64,0.18875,0.2533978571533204
30.66,-0.14375,0.25349628650488293
30.68,-0.41125,0.2537147077783204
30.7,-0.27,0.253716116857422
30.72,0.04875,0.2537633757783204
30.74,0.29,0.253887128169922
30.76,0.41875,0.2540006012783204
30.78,0.4625,0.2540564441152345
30.8,0.39,0.25405663465429695
30.82,0.1725,0.2540686386152345
30.84,0.04875,0.25409185885253915
30.86,0.25125,0.25409601073535165
30.88,0.34625,0.2541050241572267
30.9,0.26375,0.2541053049150392
30.92,0.02375,0.2541250047548829
30.94,-0.2275,0.2542470292246095
30.96,-0.1625,0.2542471665371095
30.98,0.11125,0.25426646527050795
31,0.35875,0.25434777308105483
31.02,0.6475,0.25493577014257823
31.04,0.9275,0.2560417817500001
31.06,1.04625,0.2566967257001954
31.08,0.99375,0.25669679805175794
31.1,0.9,0.2566982897753908
31.12,0.94125,0.25669832487011734
31.14,1.0825,0.2569449638046876
31.16,1.21125,0.25788474153808605
31.18,1.21125,0.25788474153808605
31.2,1.0525,0.25788674191210953
31.22,0.8025,0.257918887810547
31.24,0.41375,0.25813834903027355
31.26,0.10625,0.2585593578505861
31.28,0.0225,0.258724668638672
31.3,0.1025,0.258724924638672
31.32,0.1025,0.258724924638672
31.34,-0.0775,0.25895548087304704
31.36,-0.41625,0.2600406789365236
31.38,-0.57375,0.26072895935058604
31.4,-0.4825,0.26072933925000014
31.42,-0.1675,0.26076248291015636
31.44,0.3525,0.2611262923789064
31.46,0.48,0.26131399558789076
31.48,0.4675,0.26131399656445325
31.5,0.26125,0.2613192293525392
31.52,0.0025,0.26136843208007826
31.54,-0.215,0.26148184677539077
31.56,-0.2725,0.26152704950195327
31.58,-0.355,0.26160508702539076
31.6,-0.33125,0.26160509372363294
31.62,-0.11875,0.2616116800615236
31.64,-0.07,0.26161666158789076
31.66,-0.18875,0.2616174988681642
31.68,-0.21625,0.26161822566308607
31.7,-0.09125,0.2616192022255861
31.72,0.155,0.26167454067578133
31.74,0.26,0.26172451936328134
31.76,0.23125,0.2617245312451173
31.78,0.275,0.2617332624394532
31.8,0.5075,0.2619463396718751
31.82,0.75125,0.26247739570214856
31.84,0.83625,0.26271590463964856
31.86,0.67375,0.2627180501474611
31.88,0.44,0.2627470130507814
31.9,0.20625,0.26284092813964854
31.92,0.06125,0.2629486468271486
31.94,0.0325,0.2629755215410158
31.96,0.145,0.26297623345507826
31.98,0.305,0.26298563895507826
32,0.42625,0.2630060448564454
32.02,0.4975,0.26302579385351577
32.04,0.525,0.26303525101757824
32.06,0.59875,0.26306630247558604
32.08,0.72125,0.2631388849697267
32.1,0.8425,0.2632538596191407
32.12,0.76625,0.26325408128027356
32.14,0.385,0.26330173842382826
32.16,-0.11125,0.26368764374707043
32.18,-0.54,0.26457505006445325
32.2,-0.7525,0.2656169038535158
32.22,-0.7475,0.2656169039160158
32.24,-0.3625,0.2656465633535158
32.26,0.1125,0.2659405111660158
32.28,0.3175,0.2662294253535158
32.3,0.17,0.26623102987695324
32.32,-0.0125,0.26624739385351576
32.34,-0.18875,0.2662942985224611
32.36,-0.24625,0.26631900919238294
32.38,-0.2575,0.2663244800410158
32.4,-0.27375,0.26633276892480484
32.42,-0.39875,0.2664131485146486
32.44,-0.535,0.26653920520507823
32.46,-0.6925,0.26674457585351574
32.48,-0.7675,0.266929378373047
32.5,-0.715,0.2669294507246095
32.52,-0.57,0.26693323024023446
32.54,-0.515,0.2669374275996095
32.56,-0.55875,0.26693746946972663
32.58,-0.58,0.2669375649121095
32.6,-0.6225,0.26693804874804694
32.62,-0.6725,0.266939381091797
32.64,-0.62875,0.2669394229619142
32.66,-0.50375,0.26694245911816417
32.68,-0.38625,0.26696099299902354
32.7,-0.345,0.2669709948027345
32.72,-0.475,0.2669720933027345
32.74,-0.7,0.2669933642402345
32.76,-0.77375,0.2670455276708986
32.78,-0.52375,0.2670533401708986
32.8,-0.22625,0.26712758594433605
32.82,-0.06125,0.2672263802099611
32.84,0.13375,0.2674192163193361
32.86,0.23125,0.2675530652333986
32.88,0.185,0.2675531146992189
32.9,0.10625,0.2675540417958986
32.92,0.14875,0.2675540801787111
32.94,0.365,0.2677858187167971
32.96,0.615,0.26838667086523454
32.98,0.78375,0.2689365774130861
33,0.68875,0.26893700610058613
33.02,0.4775,0.2689509388632814
33.04,0.2475,0.2690136805273439
33.06,-0.01,0.2691866241660158
33.08,-0.1125,0.26929654012109394
33.1,-0.0375,0.2692967510585939
33.12,0.2,0.26931179891015644
33.14,0.28,0.26932677366015645
33.16,0.15625,0.2693277212177736
33.18,0.04875,0.2693329568876955
33.2,0.0075,0.26933689107421893
33.22,0.0375,0.26933690457421894
33.24,0.16375,0.26933879842285174
33.26,0.36125,0.2693699389521486
33.28,0.46625,0.26941370155761735
33.3,0.45375,0.26941370253417984
33.32,0.21625,0.2694215140576174
33.34,-0.095,0.26950209887109394
33.36,-0.375,0.26992859317578144
33.38,-0.5,0.2702084844843752
33.4,-0.60375,0.2704862426064455
33.42,-0.60375,0.2704862426064455
33.44,-0.64375,0.2706051139814455
33.46,-0.7325,0.2708936054941408
33.48,-0.73625,0.270906569458008
33.5,-0.7125,0.2709065761562502
33.52,-0.68625,0.270906631958008
33.54,-0.6525,0.2709068631718752
33.56,-0.76125,0.2709952296982424
33.58,-0.8425,0.27146092102148456
33.6,-0.87875,0.2716943406904299
33.62,-0.91375,0.27192752775292994
33.64,-0.90125,0.27192752872949244
33.66,-0.8575,0.27192761674218774
33.68,-0.79,0.2719284753105471
33.7,-0.69125,0.2719330353232424
33.72,-0.55875,0.27194989719042995
33.74,-0.3925,0.2719983399726565
33.76,-0.37625,0.2720051713076174
33.78,-0.43375,0.27200526636230493
33.8,-0.4325,0.2720052663632815
33.82,-0.24875,0.27207475767480493
33.84,0.145,0.2725211215957034
33.86,0.5975,0.27365347208984403
33.88,0.875,0.27478938386914087
33.9,0.885,0.2748376470800784
33.92,0.8175,0.2748378008535159
33.94,0.78625,0.2748381285634768
33.96,0.8475,0.27483824345507835
33.98,0.96875,0.2752642884619143
34,1.0125,0.2755022974511721
34.02,0.80125,0.2755070111318362
34.04,0.50125,0.27556911183496113
34.06,0.21375,0.27575709932519554
34.08,0.0525,0.27594466545117213
34.1,0.02875,0.2759783163994143
34.12,0.05625,0.2759783267978518
34.14,0.1575,0.27597938351562523
34.16,0.29,0.2759872317597658
34.18,0.41875,0.2760079758994143
34.2,0.525,0.2760394206699221
34.22,0.55125,0.2760496392822268
34.24,0.57,0.27605759641601585
34.26,0.59875,0.27607091289941427
34.28,0.60625,0.2760746163291018
34.3,0.57625,0.2760746298291018
34.32,0.49875,0.27607523747753926
34.34,0.40625,0.2760786163291018
34.36,0.3925,0.27607949934765647
34.38,0.4325,0.2760795313476565
34.4,0.49,0.2760799627773439
34.42,0.5375,0.27608102366015647
34.44,0.49875,0.27608105275292993
34.46,0.37,0.2760842579902346
34.48,0.18,0.2761163874355471
34.5,-0.025,0.27625633167773456
34.52,-0.2075,0.2766058699355471
34.54,-0.24375,0.2766892302373049
34.56,-0.23125,0.2766892312138674
34.58,-0.2025,0.2766892653320315
34.6,-0.13125,0.27668994215136744
34.62,-0.12125,0.2766901493701174
34.64,-0.1225,0.27669014937109393
34.66,-0.08375,0.276691278239258
34.68,0.06375,0.2767037682626955
34.7,0.265,0.27675506924609394
34.72,0.425,0.27683877162109394
34.74,0.4925,0.2768887775722658
34.76,0.49875,0.2768939026845705
34.78,0.4775,0.27689390748242204
34.8,0.40375,0.27689433137207053
34.82,0.345,0.2768957199375002
34.84,0.34875,0.2768957199638674
34.86,0.39375,0.2768957778662111
34.88,0.3575,0.27689580168359396
34.9,0.165,0.27691260659179706
34.92,-0.00875,0.27695937344042987
34.94,-0.0225,0.27696483076171896
34.96,-0.08,0.2769909451503908
34.98,-0.16375,0.2770394062373049
35,-0.2775,0.2771807511855471
35.02,-0.36,0.27740013441210953
35.04,-0.23875,0.2774010256943361
35.06,-0.01875,0.27742000395996114
35.08,0.25875,0.27751857911425803
35.1,0.46125,0.27767708108496114
35.12,0.6575,0.27792684646679705
35.14,0.78125,0.27814334583496114
35.16,0.75625,0.2781433536474611
35.18,0.5525,0.27814933068554704
35.2,0.26125,0.2782136498349611
35.22,0.00625,0.2783760880224611
35.24,-0.1025,0.2784884564238283
35.26,-0.025,0.27848868916601577
35.28,0.04625,0.27849010208691427
35.3,-0.1125,0.27850359602343766
35.32,-0.265,0.2787192702207033
35.34,-0.425,0.27908235034960954
35.36,-0.48625,0.27928040562207046
35.38,-0.47125,0.2792804073095705
35.4,-0.465,0.279280410419922
35.42,-0.43375,0.279280477973633
35.44,-0.2375,0.27928810151953143
35.46,0.025,0.27934722000585954
35.48,0.195,0.27943849021679706
35.5,0.235,0.27946800331054705
35.52,0.155,0.2794682593105471
35.54,0.005,0.2794740868105471
35.56,0.00875,0.2794740868369142
35.58,0.02,0.27947408849804706
35.6,-0.29125,0.27954087627636737
35.62,-0.93375,0.28168268398144547
35.64,-1.1975,0.2837506139296877
35.66,-0.97375,0.2837562148466799
35.68,-0.605,0.28385461434375014
35.7,-0.52625,0.28390183868847674
35.72,-0.83125,0.28391602500097674
35.74,-1.06875,0.2839816692587892
35.76,-1.06625,0.28398166926660173
35.78,-0.83375,0.2839881581962892
35.8,-0.60375,0.2840319415712892
35.82,-0.57125,0.28404323643847673
35.84,-0.7525,0.2840462136113283
35.86,-0.81375,0.28405036669628925
35.88,-0.58,0.2840567526367189
35.9,-0.2325,0.28437385164843765
35.92,0.04875,0.28489233536425795
35.94,0.1875,0.28525290639843764
35.96,0.24375,0.2854214189619142
35.98,0.20875,0.2854214403994142
36,0.0925,0.28542314900195326
36.02,0.0475,0.285425198154297
36.04,0.16125,0.2854259340634767
36.06,0.34625,0.2857715987314454
36.08,0.57875,0.2867341852412111
36.1,0.67,0.2871885996191408
36.12,0.635,0.2871886210566408
36.14,0.62625,0.28718864148925793
36.16,0.77,0.2877403292968751
36.18,0.93625,0.2887895412294923
36.2,1.085,0.28987786909375013
36.22,1.29625,0.2918105424482423
36.24,1.3025,0.2918802535468751
36.26,0.9225,0.29190768954687507
36.28,0.485,0.2921534237265626
36.3,0.21875,0.29251669335449226
36.32,0.12625,0.2926939621611329
36.34,0.18125,0.2926940453486329
36.36,0.195,0.29269412463671884
36.38,0.185,0.2926941251367189
36.4,0.125,0.2926968840527345
36.42,-0.0075,0.29300462399804694
36.44,-0.02125,0.2930403913681642
36.46,0.15,0.29304290245507825
36.48,0.43375,0.29308748955566416
36.5,0.555,0.2931360673261719
36.52,0.31125,0.2931433084150391
36.54,-0.09125,0.2934256373232422
36.56,-0.45625,0.294792014538086
36.58,-0.585,0.29543418725000004
36.6,-0.56375,0.2954341920478516
36.62,-0.38125,0.29543841649511726
36.64,0.035,0.29555335125000004
36.66,0.04875,0.29556145662792976
36.68,-0.37125,0.2955985006279298
36.7,-0.48125,0.29563589512792976
36.72,-0.5375,0.2956622004843751
36.74,-0.44625,0.2956625803837891
36.76,-0.2375,0.2956757004843751
36.78,-0.1925,0.2956827322968751
36.8,-0.10375,0.2957030031435548
36.82,0.0925,0.2957911633300782
36.84,0.29125,0.29597207349902355
36.86,0.36375,0.2960626725009766
36.88,0.29125,0.29606286304003915
36.9,0.21875,0.2960641968134766
36.92,0.0875,0.29607321338085946
36.94,-0.15875,0.29613399538378915
36.96,-0.35375,0.29624735924316414
36.98,-0.30125,0.29624743159472666
37,-0.25375,0.2962478592431641
37.02,-0.25375,0.2962478592431641
37.04,-0.18,0.2962499819179688
37.06,0.0375,0.2962773048457032
37.08,0.3325,0.29640895020898445
37.1,0.53875,0.2967145920986329
37.12,0.6475,0.2969411668613282
37.14,0.73,0.2971420138847657
37.16,0.78375,0.2972872089697266
37.18,0.6,0.2972903110429688
37.2,0.355,0.2973266167890626
37.22,0.1225,0.2974317752675782
37.24,-0.06,0.29758754771484386
37.26,-0.25875,0.29785370672753914
37.28,-0.45375,0.29823476658691417
37.3,-0.59125,0.29860288011230474
37.32,-0.70375,0.2992447299658204
37.34,-0.7175,0.29932831665625004
37.36,-0.6475,0.29932848815625007
37.38,-0.58375,0.29932951298730476
37.4,-0.63125,0.2993295665732423
37.42,-0.65125,0.29932966676074224
37.44,-0.55625,0.29933072057910165
37.46,-0.38625,0.29934679766503913
37.48,-0.215,0.29939206639843763
37.5,0.04625,0.29955137726074227
37.52,0.295,0.2998476095546876
37.54,0.46875,0.30016326321582043
37.56,0.62625,0.30054180474511727
37.58,0.7675,0.3009660037656251
37.6,0.76875,0.3009701420439454
37.62,0.5175,0.3009780723183595
37.64,0.2375,0.30104510847460947
37.66,0.17,0.30107746844921884
37.68,0.2,0.30107748194921885
37.7,0.0925,0.3011247983613282
37.72,-0.16375,0.3013755996455079
37.74,-0.4025,0.3017735449746095
37.76,-0.495,0.3019793138984376
37.78,-0.41875,0.3019795355595704
37.8,-0.24125,0.3019874832607423
37.82,-0.3325,0.30198786316015636
37.84,-0.40875,0.3019898329716798
37.86,-0.49125,0.3019952957607423
37.88,-0.5,0.30200767805664075
37.9,-0.44875,0.3020077453623048
37.92,-0.31125,0.3020110403134767
37.94,-0.1125,0.3020367708300782
37.96,0.0375,0.30208532161132823
37.98,0.10625,0.30211908833496104
38,0.13875,0.3021379835556641
38.02,0.17,0.3021580595566407
38.04,0.27,0.3022359445566407
38.06,0.3525,0.3023174579082032
38.08,0.48875,0.30249099218847664
38.1,0.735,0.3029495044941407
38.12,0.97,0.3037900404648438
38.14,0.7475,0.30379554803515635
38.16,0.35875,0.30390423008300793
38.18,0.0125,0.3042289614570314
38.2,-0.07,0.30435247246484387
38.22,-0.17625,0.30454306313378915
38.24,-0.37,0.30499309246484385
38.26,-0.60375,0.30573888517089853
38.28,-0.87,0.3071983816523438
38.3,-0.99375,0.30812533866503916
38.32,-1.085,0.3088761079492188
38.34,-0.84375,0.3088831285126954
38.36,-0.24375,0.3091737849189454
38.38,0.25375,0.3100757963388673
38.4,0.44,0.31064939701171884
38.42,0.2525,0.31065269291015635
38.44,-0.075,0.3107176924492189
38.46,-0.28375,0.310838952225586
38.48,-0.3125,0.31086245092578135
38.5,-0.20625,0.31086305065722664
38.52,0.04375,0.3108850574931642
38.54,0.185,0.3109240181054689
38.56,0.11,0.31092422904296885
38.58,-0.0525,0.31093071634765634
38.6,-0.23125,0.31096007868847664
38.62,-0.31875,0.31099093815136725
38.64,-0.13875,0.31099385415136727
38.66,0.015,0.31100952620117195
38.68,0.00625,0.3110095265361329
38.7,-0.05875,0.31100972676660166
38.72,-0.0825,0.31100998963085946
38.74,0.1025,0.31102924074609384
38.76,0.42,0.3111934519941407
38.78,0.66125,0.312099480553711
38.8,0.7875,0.3127197151425782
38.82,0.6575,0.3127208136425782
38.84,0.285,0.3127831573378907
38.86,-0.0725,0.31303774314257815
38.88,-0.32,0.3133989206660157
38.9,-0.32125,0.3134012230556641
38.92,-0.2825,0.31340125214843756
38.94,-0.2825,0.31340125214843756
38.96,-0.375,0.31350527821093754
38.98,-0.49375,0.31377142432910166
39,-0.4475,0.31377147379492193
39.02,-0.28625,0.31377589141503914
39.04,-0.1375,0.31379403089648444
39.06,0.135,0.31389570511718756
39.08,0.02,0.31389646555468753
39.1,-0.29375,0.3139351129365235
39.12,-0.16625,0.313936149272461
39.14,-0.2225,0.3139362382617188
39.16,-0.2575,0.3139365291718751
39.18,-0.24875,0.31393652950683604
39.2,-0.305,0.3139403704589845
39.22,-0.41625,0.31398153443652355
39.24,-0.48875,0.3140191178134767
39.26,-0.51125,0.31406574254199227
39.28,-0.4575,0.31406582018554696
39.3,-0.2875,0.31407134345898446
39.32,-0.10875,0.3140983462998048
39.34,-0.0675,0.31410943284960946
39.36,-0.23625,0.31411183555957045
39.38,-0.495,0.314148496998047
39.4,-0.52125,0.3141786197431642
39.42,-0.315,0.31418300658398446
39.44,0.06,0.31427680785351575
39.46,0.31375,0.31446971118066414
39.48,0.34875,0.31450787124316415
39.5,0.22,0.3145089383593751
39.52,-0.01625,0.31453218480566414
39.54,-0.06,0.31454201751562505
39.56,0.01375,0.31454221808105476
39.58,0.17,0.3145481010156251
39.6,0.26,0.3145584015156251
39.62,0.2125,0.31455845510156255
39.64,0.07,0.31456183101562507
39.66,-0.05625,0.3145742162392579
39.68,-0.10875,0.3145885180478517
39.7,-0.03875,0.3145886895478517
39.72,0.04625,0.31459037998535166
39.74,0.085,0.3145921546445314
39.76,0.09875,0.3145929851337892
39.78,0.1475,0.3145969312558595
39.8,0.315,0.31462656318359383
39.82,0.46375,0.31478498116503917
39.84,0.62625,0.3150626342509767
39.86,0.8575,0.3158100675156251
39.88,0.88875,0.31598980196386733
39.9,0.7125,0.3159925394843751
39.92,0.41875,0.31604171346386734
39.94,0.16,0.3161833129863283
39.96,0.03,0.3163064452285158
39.98,0,0.3163408033613283
40,-0.01375,0.3163573479091798
40.02,-0.06,0.3164167995019533
40.04,-0.05625,0.31641679952832047
40.06,-0.0575,0.316416799529297
40.08,-0.09125,0.3164603980166017
40.1,-0.1125,0.31649167936132827
40.12,-0.08875,0.31649168605957045
40.14,-0.11625,0.31649735297558607
40.16,-0.21,0.3166530492402345
40.18,-0.2525,0.3167330268359376
40.2,-0.2425,0.31673302733593767
40.22,-0.21875,0.3167330460576173
40.24,-0.21125,0.3167330619306642
40.26,-0.23375,0.3167330676259767
40.28,-0.23,0.3167330676523439
40.3,-0.12125,0.3167341687197267
40.32,0.06625,0.31674923097558605
40.34,0.1925,0.3167770987890626
40.36,-0.07625,0.31678680423339856
40.38,-0.4575,0.31729791231640636
40.4,-0.43375,0.31729791901464854
40.42,-0.3025,0.3172997742539064
40.44,-0.38125,0.3173000184404298
40.46,-0.51375,0.31746103493652356
40.48,-0.5625,0.3176099298906251
40.5,-0.4475,0.3176106903281251
40.52,-0.1875,0.31763629707812513
40.54,0.00875,0.31770313691503915
40.56,0.0825,0.3177440979531251
40.58,0.1225,0.3177706394531251
40.6,0.2775,0.3179062818906251
40.62,0.62875,0.31845516736816415
40.64,0.9725,0.31964864363867196
40.66,1.17625,0.32107479988183607
40.68,1.19125,0.3211906129013673
40.7,1.0475,0.32119209813085947
40.72,0.79625,0.3212214278388673
40.74,0.49,0.3213630332929689
40.76,0.2625,0.32159117189257824
40.78,0.08125,0.32187442840136726
40.8,-0.04875,0.32214392490136734
40.82,-0.145,0.3223835928906251
40.84,-0.195,0.3225225836328126
40.86,-0.175,0.3225225876328126
40.88,-0.07625,0.32252342091308606
40.9,0.03125,0.3225283743955079
40.92,0.155,0.3225440211328126
40.94,0.3225,0.32259187850000015
40.96,0.445,0.3226536556328126
40.98,0.48375,0.322678934225586
41,0.42625,0.3226790292802736
41.02,0.30125,0.32268197342089855
41.04,0.08,0.32271184268945324
41.06,-0.2325,0.3229463303164064
41.08,-0.495,0.32390068864648447
41.1,-0.60625,0.3244071809541017
41.12,-0.59375,0.3244071819306642
41.14,-0.42625,0.32441009695410167
41.16,-0.245,0.32443075279882827
41.18,-0.1175,0.3244655564140626
41.2,-0.095,0.32447399533789073
41.22,-0.15,0.32447407852539073
41.24,-0.14375,0.32447407864746103
41.26,0.08625,0.3245733936806642
41.28,0.35375,0.3248497153291017
41.3,0.35125,0.3248497153369142
41.32,0.13375,0.32485503932910165
41.34,-0.1225,0.3249037254277345
41.36,-0.3675,0.3250373130175782
41.38,-0.515,0.3251775496796876
41.4,-0.53125,0.32519629239160164
41.42,-0.4325,0.3251967738750001
41.44,-0.3175,0.32520117541015636
41.46,-0.195,0.3252153012871095
41.48,-0.17125,0.3252196203916017
41.5,-0.19875,0.3252196307900391
41.52,-0.29875,0.3252206567275392
41.54,-0.37875,0.32522408747753917
41.56,-0.26875,0.32522475297753917
41.58,-0.04875,0.32526139107128915
41.6,0.12125,0.3253441295400391
41.62,0.28875,0.3254809105634766
41.64,0.3975,0.3256150817460938
41.66,0.41625,0.32564395069628915
41.68,0.3575,0.32564405208593755
41.7,0.31375,0.3256444891416016
41.72,0.3125,0.32564450908203135
41.74,0.34625,0.32564452830371104
41.76,0.395,0.3256447898398438
41.78,0.38375,0.3256447905517579
41.8,0.30375,0.32564522412597663
41.82,0.18625,0.3256505957119141
41.84,0.055,0.3256680840566407
41.86,-0.03375,0.32569007471191413
41.88,-0.1275,0.3257248958789063
41.9,-0.1875,0.32575454989453134
41.92,-0.1825,0.32575454995703135
41.94,-0.16375,0.3257545565927735
41.96,-0.11375,0.325754750459961
41.98,-0.08,0.3257551710429688
42,-0.11875,0.3257552001357422
42.02,-0.17,0.32575553554296877
42.04,-0.2625,0.32580210510156254
42.06,-0.36125,0.32588075631347657
42.08,-0.43125,0.32595011559472664
42.1,-0.4575,0.32597928194921877
42.12,-0.3775,0.3259795379492188
42.14,-0.1725,0.3259908565117188
42.16,-0.04375,0.3260146966865235
42.18,-0.14875,0.32601527549902354
42.2,-0.30125,0.326023233616211
42.22,-0.4025,0.32603778252929694
42.24,-0.345,0.32603787758398445
42.26,-0.2175,0.326040948341797
42.28,-0.13125,0.326047761350586
42.3,-0.115,0.3260496643652344
42.32,-0.175,0.32604977236523447
42.34,-0.22,0.32605024317773446
42.36,-0.185,0.32605026461523445
42.38,-0.1625,0.32605033823242197
42.4,-0.26375,0.3260515001376954
42.42,-0.305,0.3260532839746095
42.44,-0.31125,0.32605363366699225
42.46,-0.45125,0.32607248442871106
42.48,-0.5275,0.3261608198691407
42.5,-0.5725,0.3262238518964845
42.52,-0.5275,0.3262238974589845
42.54,-0.28125,0.32623620476464854
42.56,0.0125,0.3263239527089845
42.58,0.21625,0.3264692030595704
42.6,0.3825,0.3266593438339845
42.62,0.4475,0.3267576871953126
42.64,0.44625,0.32675768719628917
42.66,0.45,0.32676186104296884
42.68,0.51,0.32686808255859384
42.7,0.6625,0.32719382124804697
42.72,0.915,0.3279328905234376
42.74,1.035,0.3283831698046876
42.76,0.8175,0.3283883143593751
42.78,0.48,0.32846864674218756
42.8,0.24875,0.3286261953798829
42.82,0.105,0.3287853483046876
42.84,0.0675,0.3288359870156251
42.86,0.165,0.3288364504453126
42.88,0.30125,0.3288423729560548
42.9,0.39125,0.3288529537919923
42.92,0.37,0.32885295858984387
42.94,0.23625,0.32885481572949227
42.96,0.04375,0.32890409286621103
42.98,-0.17,0.329291948419922
43,-0.29125,0.3295834998232423
43.02,-0.30125,0.32961008334667985
43.04,-0.115,0.32961331376562514
43.06,0.00875,0.32962497884667985
43.08,-0.0025,0.3296249795585939
43.1,-0.1525,0.3296270752226564
43.12,-0.31375,0.32967366783300794
43.14,-0.3625,0.3298115574746095
43.16,-0.275,0.329811892435547
43.18,-0.12875,0.32981794341503917
43.2,0.0275,0.3298412169746095
43.22,0.12625,0.32986993293457045
43.24,0.13,0.32987128695117196
43.26,0.02,0.32987195245117196
43.28,-0.09,0.329876610951172
43.3,-0.13,0.329880074951172
43.32,-0.07125,0.32988017634082045
43.34,0.08125,0.32988478863183607
43.36,0.22125,0.3299285939853517
43.38,0.2975,0.3299728814746095
43.4,0.315,0.329984621841797
43.42,0.27,0.329984667404297
43.44,0.14875,0.32998691933886737
43.46,0.0125,0.32999846216210954
43.48,-0.11875,0.3300254245009767
43.5,-0.22375,0.33006280835644547
43.52,-0.2375,0.3300689488808595
43.54,-0.15,0.330069283841797
43.56,0.04125,0.33007977853613296
43.58,0.1975,0.3301101053183595
43.6,0.3575,0.3301844115527345
43.62,0.4425,0.3302586176152345
43.64,0.35,0.33025901334179697
43.66,0.16125,0.33026974127246106
43.68,0.02875,0.3302940323525392
43.7,0.01625,0.3302973400966798
43.72,0.18125,0.3302995861591798
43.74,0.3775,0.3303209119414064
43.76,0.49,0.33038501236718765
43.78,0.48375,0.330385012489258
43.8,0.31,0.33038792836718767
43.82,0.0625,0.3304240765156251
43.84,-0.14375,0.3305122817451174
43.86,-0.26125,0.3305970063134767
43.88,-0.26,0.33059700631445327
43.9,-0.14125,0.3305978703134767
43.92,-0.055,0.33060139315429704
43.94,-0.01625,0.3306043593759767
43.96,0.00125,0.3306060502587892
43.98,-0.03375,0.3306060716962892
44,-0.13125,0.3306072133603517
44.02,-0.20125,0.33061020214160175
44.04,-0.20375,0.3306103578212892
44.06,-0.05125,0.3306121311103517
44.08,0.115,0.33063225317773454
44.1,0.25875,0.3306759254384767
44.12,0.2775,0.33068380795312513
44.14,0.21,0.33068396172656267
44.16,0.0475,0.33068989145312516
44.18,-0.10125,0.3307109740927736
44.2,-0.2225,0.33074630795312515
44.22,-0.2625,0.33076305443554704
44.24,-0.23125,0.3307630696943361
44.26,-0.1775,0.3307633614980471
44.28,-0.10625,0.33076496178417986
44.3,-0.0475,0.330768023623047
44.32,-0.02375,0.33076985899707045
44.34,-0.07625,0.330769931348633
44.36,-0.14125,0.330770670114258
44.38,-0.205,0.33077283616992204
44.4,-0.27,0.3307830976445314
44.42,-0.33,0.3308392936445314
44.44,-0.325,0.3308392937070314
44.46,-0.32375,0.3308392937666017
44.48,-0.3525,0.33086261577148457
44.5,-0.2825,0.33086278727148455
44.52,-0.13625,0.3308676721357424
44.54,0.0125,0.33088692933398456
44.56,0.13625,0.33092099123144547
44.58,0.16125,0.33093041511816423
44.6,0.03875,0.33093133425097676
44.62,-0.095,0.33093882832617205
44.64,-0.15125,0.33094567390722673
44.66,-0.13875,0.33094567488378923
44.68,-0.02375,0.33094671024316424
44.7,0.11125,0.33095471785253927
44.72,0.21625,0.33098512199707053
44.74,0.2925,0.33102730141210956
44.76,0.45,0.33115154085742204
44.78,0.58875,0.3313127412958986
44.8,0.57875,0.33131274179589865
44.82,0.38125,0.3313172083818361
44.84,0.10125,0.3313706700068361
44.86,-0.135,0.3315022965097658
44.88,-0.3,0.3316637426933596
44.9,-0.4425,0.3319911559609377
44.92,-0.44875,0.3320117083388674
44.94,-0.40375,0.3320117539013674
44.96,-0.46625,0.33207027348535173
44.98,-0.42625,0.33207030548535177
45,-0.38,0.33207059429492203
45.02,-0.32375,0.33207172030566423
45.04,-0.27,0.33207405267773454
45.06,-0.2175,0.33207796938281264
45.08,-0.09625,0.33209559998535176
45.1,0.11,0.33216594944335953
45.12,0.23375,0.3322417734853517
45.14,0.29375,0.3322897614853517
45.16,0.1875,0.332290361216797
45.18,-0.0025,0.3323027615371095
45.2,-0.1725,0.332340440310547
45.22,-0.225,0.33235955970312514
45.24,-0.19875,0.3323595687470705
45.26,-0.09875,0.33236056585644547
45.28,0.08,0.3323737460156252
45.3,0.2025,0.33239862385156266
45.32,0.285,0.33242588520312516
45.34,0.3125,0.33244600699804705
45.36,0.425,0.3325638416953127
45.38,0.55,0.33273464316015644
45.4,0.59,0.33279908000390646
45.42,0.5675,0.3327990856992189
45.44,0.4925,0.3327995434335939
45.46,0.38625,0.3328033092490236
45.48,0.24,0.3328205175039064
45.5,0.1075,0.33285524451171894
45.52,-0.00375,0.3329037400380861
45.54,-0.065,0.3329395856914064
45.56,-0.08625,0.3329537093212892
45.58,-0.09125,0.332957164598633
45.6,-0.09625,0.3329606709697267
45.62,-0.10125,0.3329642288095705
45.64,-0.145,0.33299761269140643
45.66,-0.22625,0.3330709990244142
45.68,-0.3175,0.3331727686523439
45.7,-0.27625,0.3331728037470705
45.72,-0.055,0.33318181259765645
45.74,0.28125,0.33328009505761735
45.76,0.45,0.33339881898828144
45.78,0.54,0.3334880312070314
45.8,0.56625,0.3335178792412111
45.82,0.59125,0.3335485516474611
45.84,0.545,0.33354860111328144
45.86,0.405,0.33355178206640645
45.88,0.27875,0.3335638104365236
45.9,0.13125,0.33359721964746114
45.92,-0.05125,0.3336811656552736
45.94,-0.22125,0.3338167401240236
45.96,-0.35625,0.33397386367089865
45.98,-0.40125,0.33403738581152365
46,-0.40375,0.3340410890849611
46.02,-0.24875,0.3340429510224611
46.04,0.00625,0.3340755495849611
46.06,0.1925,0.33414707671484395
46.08,0.23375,0.3341706310771486
46.1,0.10125,0.3341717941787111
46.12,-0.135,0.33419570175585955
46.14,-0.3475,0.3342688191875002
46.16,-0.4,0.33429790045507835
46.18,-0.36375,0.3342979242724612
46.2,-0.2675,0.33429906355664085
46.22,-0.18125,0.3343031342197268
46.24,-0.11875,0.3343090241123049
46.26,-0.10125,0.3343112324072268
46.28,-0.19875,0.3343116958369143
46.3,-0.2475,0.33431279648242207
46.32,-0.225,0.3343128021777346
46.34,-0.2375,0.3343128031542971
46.36,-0.24,0.3343128038652346
46.38,-0.22125,0.3343128089013674
46.4,-0.17625,0.3343129807099612
46.42,-0.17125,0.3343130215185549
46.44,-0.07625,0.33431799875683615
46.46,0.1475,0.33438309025390645
46.48,0.34,0.3345044672519534
46.5,0.50625,0.33467554486621115
46.52,0.6175,0.33483643218164083
46.54,0.69125,0.33497540524121117
46.56,0.71375,0.33502150837402367
46.58,0.72625,0.33504789341308616
46.6,0.65625,0.33504806491308614
46.62,0.39375,0.33506627338964867
46.64,0.11875,0.33515999424902365
46.66,-0.12875,0.33536040660058614
46.68,-0.36625,0.33569987351464864
46.7,-0.545,0.33617622818554704
46.72,-0.685,0.33681321879296894
46.74,-0.72625,0.33703586215527365
46.76,-0.6225,0.33703642054101585
46.78,-0.36625,0.33705919015527364
46.8,-0.14375,0.33713468510058614
46.82,0.0575,0.33727657688476587
46.84,0.19125,0.3374220407724612
46.86,0.3075,0.33758821497070335
46.88,0.3625,0.3376811515214846
46.9,0.4425,0.33783410470898456
46.92,0.52375,0.33801242465527365
46.94,0.46,0.33801255419726584
46.96,0.20375,0.3380288086552736
46.98,-0.025,0.3380950462558596
47,-0.14875,0.33816449581933616
47.02,-0.23125,0.3382276090927736
47.04,-0.2225,0.33822760942773455
47.06,-0.10125,0.3382287075927736
47.08,0.05,0.33823873275000016
47.1,0.14125,0.33825345244433613
47.12,0.1275,0.33825345374414084
47.14,0.00625,0.3382546826318361
47.16,-0.12875,0.33826329394433613
47.18,-0.18125,0.33827022345214863
47.2,-0.14375,0.3382702498193361
47.22,-0.01875,0.33827236895996116
47.24,0.13375,0.3382858513896486
47.26,0.22375,0.33830824929589864
47.28,0.21375,0.3383082497958987
47.3,0.02875,0.33831195673339864
47.32,-0.1425,0.33833281351171896
47.34,-0.255,0.3383763001230471
47.36,-0.21875,0.33837632394042993
47.38,-0.02125,0.33838268606347677
47.4,0.19875,0.3384230112041018
47.42,0.32375,0.33847322673144553
47.44,0.31875,0.33847322679394554
47.46,0.13,0.3384768633281252
47.48,-0.0975,0.3385106024667971
47.5,-0.21875,0.338553057301758
47.52,-0.2525,0.33856890268945333
47.54,-0.19875,0.33856898033300803
47.56,-0.20125,0.3385689803408205
47.58,-0.2025,0.3385689803593752
47.6,-0.3075,0.338621358683594
47.62,-0.37,0.33869113041210963
47.64,-0.33375,0.3386911542294925
47.66,-0.26875,0.3386916493974612
47.68,-0.205,0.3386933764746096
47.7,-0.1625,0.3386955974980471
47.72,-0.1475,0.3386966379824221
47.74,-0.1375,0.33869741445117213
47.76,-0.14625,0.3386974147861331
47.78,-0.2425,0.3386979932636721
47.8,-0.2475,0.3386980799511721
47.82,-0.20625,0.3386981150458987
47.84,-0.12375,0.33869992759667994
47.86,-0.0725,0.33870562671679716
47.88,-0.0575,0.3387077202011721
47.9,-0.08375,0.33870772924511744
47.92,-0.1675,0.3387083857011721
47.94,-0.20375,0.33870928427636743
47.96,-0.19125,0.3387092852529299
47.98,-0.16,0.33870932614648463
48,-0.17,0.3387093266464846
48.02,-0.20625,0.33870944960449245
48.04,-0.25375,0.3387115831337893
48.06,-0.2675,0.3387124344414065
48.08,-0.29,0.338714087980469
48.1,-0.35625,0.3387211358935549
48.12,-0.32125,0.3387211573310549
48.14,-0.2475,0.3387217789628909
48.16,-0.1725,0.3387242379667971
48.18,-0.1,0.3387295491015627
48.2,0.06,0.33875896255664084
48.22,0.22875,0.3388265354619143
48.24,0.35875,0.3389127200791018
48.26,0.42125,0.33896690059667994
48.28,0.345,0.3389671222578128
48.3,0.1175,0.33898091320117213
48.32,-0.09625,0.33903619546386743
48.34,-0.21125,0.3390934183857425
48.36,-0.2525,0.3391198213183596
48.38,-0.29125,0.3391477531357424
48.4,-0.29125,0.3391477531357424
48.42,-0.1425,0.3391493987988284
48.44,0.05625,0.33916873453417995
48.46,0.315,0.33925916341406276
48.48,0.48625,0.33939479999902367
48.5,0.59125,0.33960477286425805
48.52,0.6525,0.339771778980469
48.54,0.63625,0.33977178112597684
48.56,0.575,0.3397720117226565
48.58,0.53625,0.3397725644853518
48.6,0.53625,0.3397725644853518
48.62,0.57875,0.33977260286816435
48.64,0.575,0.3397726028945315
48.66,0.45625,0.33977563493847684
48.68,0.3175,0.33979065343359405
48.7,0.195,0.3398197345507815
48.72,0.165,0.3398297844570315
48.74,0.135,0.3398411506132816
48.76,0.06125,0.3398751993173831
48.78,0.0325,0.33989101974609404
48.8,0.03,0.3398924670664065
48.82,0.0225,0.339896879246094
48.84,-0.015,0.33992056014453154
48.86,0.06125,0.3399207818056643
48.88,0.2,0.3399255293320316
48.9,0.21125,0.33992635090722684
48.92,0.0775,0.33992754723828156
48.94,-0.07,0.33997201202929717
48.96,-0.07375,0.33997496358105495
48.98,0.095,0.3399773662910159
49,0.30875,0.34000294465136743
49.02,0.4025,0.34002897367968776
49.04,0.34875,0.34002905132324246
49.06,0.2,0.34003312556250026
49.08,0.0325,0.34005430017968774
49.1,-0.07875,0.3400869668681643
49.12,-0.1,0.3401045113828128
49.14,-0.10625,0.3401098642490237
49.16,-0.15625,0.3401559496787112
49.18,-0.25125,0.3402605327294924
49.2,-0.30375,0.34032866169238307
49.22,-0.2925,0.34032866240429716
49.24,-0.18625,0.3403294728095706
49.26,0.06125,0.34035297525488306
49.28,0.195,0.3403906941132815
49.3,0.18375,0.34039069482519557
49.32,0.0175,0.340393490292969
49.34,-0.14,0.3404094918007815
49.36,-0.23,0.3404290769257815
49.38,-0.23375,0.34043010193261747
49.4,-0.17125,0.34043022400292994
49.42,-0.1175,0.3404308874375003
49.44,-0.065,0.34043250464257835
49.46,-0.02875,0.34043440949511744
49.48,-0.0425,0.3404344107949221
49.5,-0.1175,0.34043475901757836
49.52,-0.145,0.34043519500000025
49.54,-0.13,0.3404351966875002
49.56,-0.09375,0.34043526230566434
49.58,-0.17625,0.3404361486298831
49.6,-0.3425,0.3405168094843753
49.62,-0.37125,0.34056074983886747
49.64,-0.33875,0.34056076700293
49.66,-0.27375,0.34056121326855493
49.68,-0.19875,0.34056331631542996
49.7,-0.1375,0.34056713577929715
49.72,-0.13125,0.34056766183886744
49.74,-0.145,0.34056766313867215
49.76,-0.1625,0.34056767709765656
49.78,-0.17125,0.3405676938388675
49.8,-0.12125,0.34056862633886753
49.82,-0.11625,0.34056910452636746
49.84,-0.1525,0.3405691283437503
49.86,-0.16,0.34056914639648467
49.88,-0.155,0.3405691464589847
49.9,-0.14,0.34056915039648467
49.92,-0.13,0.3405691598964847
49.94,-0.08875,0.3405721702119143
49.96,-0.03875,0.34057927755566436
49.98,-0.00375,0.34058571416503935
50,-0.01875,0.3405857158525394
50.02,-0.05875,0.34058579735253935
50.04,-0.065,0.3405858290566409
50.06,0.025,0.3405922357734378
50.08,0.1375,0.3406269663691409
50.1,0.27,0.34069296886328154
50.12,0.3225,0.3407280745058597
50.14,0.28125,0.34072810960058625
50.16,0.195,0.3407291108417972
50.18,0.13625,0.34073130492480497
50.2,0.11875,0.34073230375097685
50.22,0.12625,0.34073230396191434
50.24,0.12875,0.3407323042509769
50.26,0.10125,0.3407334907724613
50.28,0.0775,0.3407354285683597
50.3,0.00125,0.34074465225683626
50.32,-0.11625,0.34077030553613313
50.34,-0.2275,0.34081126300585973
50.36,-0.335,0.3408701961855472
50.38,-0.32,0.3408701978730472
50.4,-0.2625,0.3408703867246097
50.42,-0.28125,0.3408703900205081
50.44,-0.22875,0.34087080250878943
50.46,-0.11625,0.34087543654199254
50.48,-0.0425,0.3408827153789066
50.5,0.01375,0.34089141140918
50.52,0.02125,0.3408928093447269
50.54,0.01375,0.34089280955566437
50.56,0.0225,0.34089304856640656
50.58,0.065,0.34090220319921904
50.6,0.05,0.3409022048867191
50.62,-0.055,0.34090306719921903
50.64,-0.15125,0.3409072595634769
50.66,-0.215,0.34091317919921904
50.68,-0.20125,0.34091318049902375
50.7,-0.10125,0.34091391510839875
50.72,0.04,0.34092146988671906
50.74,0.11125,0.34093658810253935
50.76,0.17,0.34095654901171907
50.78,0.2075,0.3409719857695316
50.8,0.2525,0.34099354484765654
50.82,0.32,0.341032660886719
50.84,0.3775,0.34107721330468777
50.86,0.3875,0.34108573551562527
50.88,0.2925,0.3410861642031253
50.9,0.065,0.34110250652343777
50.92,-0.09375,0.3411414646416019
50.94,-0.155,0.3411655660859378
50.96,-0.15,0.3411655661484378
50.98,-0.10125,0.3411656437294925
51,-0.0075,0.3411671706093753
51.02,0,0.3411674280234378
51.04,0,0.3411674280234378
51.06,0,0.3411674280234378
51.08,0,0.3411674280234378
51.1,0,0.3411674280234378
51.12,0,0.3411674280234378
51.14,0,0.3411674280234378
51.16,0,0.3411674280234378
51.18,0,0.3411674280234378
51.2,0,0.3411674280234378
51.22,0,0.3411674280234378
51.24,0,0.3411674280234378
51.26,0,0.3411674280234378
51.28,0,0.3411674280234378
51.3,0,0.3411674280234378
51.32,0,0.3411674280234378
51.34,0,0.3411674280234378
51.36,0,0.3411674280234378
51.38,0,0.3411674280234378
51.4,0,0.3411674280234378
51.42,0,0.3411674280234378
51.44,0,0.3411674280234378
51.46,0,0.3411674280234378
51.48,0,0.3411674280234378
51.5,0,0.3411674280234378
51.52,0,0.3411674280234378
51.54,0,0.3411674280234378
51.56,0,0.3411674280234378
51.58,0,0.3411674280234378
51.6,0,0.3411674280234378
51.62,0,0.3411674280234378
51.64,0,0.3411674280234378
51.66,0,0.3411674280234378
51.68,0,0.3411674280234378
51.7,0,0.3411674280234378
51.72,0,0.3411674280234378
51.74,0,0.3411674280234378
51.76,0,0.3411674280234378
51.78,0,0.3411674280234378
51.8,0,0.3411674280234378
51.82,0,0.3411674280234378
51.84,0,0.3411674280234378
51.86,0,0.3411674280234378
51.88,0,0.3411674280234378
51.9,0,0.3411674280234378
51.92,0,0.3411674280234378
51.94,0,0.3411674280234378
51.96,0,0.3411674280234378
51.98,0,0.3411674280234378
52,0,0.3411674280234378
52.02,0,0.3411674280234378
52.04,0,0.3411674280234378
52.06,0,0.3411674280234378
52.08,0,0.3411674280234378
52.1,0,0.3411674280234378
52.12,0,0.3411674280234378
52.14,0,0.3411674280234378
52.16,0,0.3411674280234378
52.18,0,0.3411674280234378
52.2,0,0.3411674280234378
52.22,0,0.3411674280234378
52.24,0,0.3411674280234378
52.26,0,0.3411674280234378
52.28,0,0.3411674280234378
52.3,0,0.3411674280234378
52.32,0,0.3411674280234378
52.34,0,0.3411674280234378
52.36,0,0.3411674280234378
52.38,0,0.3411674280234378
52.4,0,0.3411674280234378
52.42,0,0.3411674280234378
52.44,0,0.3411674280234378
52.46,0,0.3411674280234378
52.48,0,0.3411674280234378
52.5,0,0.3411674280234378
52.52,0,0.3411674280234378
52.54,0,0.3411674280234378
52.56,0,0.3411674280234378
52.58,0,0.3411674280234378
52.6,0,0.3411674280234378
52.62,0,0.3411674280234378
52.64,0,0.3411674280234378
52.66,0,0.3411674280234378
52.68,0,0.3411674280234378
52.7,0,0.3411674280234378
52.72,0,0.3411674280234378
52.74,0,0.3411674280234378
52.76,0,0.3411674280234378
52.78,0,0.3411674280234378
52.8,0,0.3411674280234378
52.82,0,0.3411674280234378
52.84,0,0.3411674280234378
52.86,0,0.3411674280234378
52.88,0,0.3411674280234378
52.9,0,0.3411674280234378
52.92,0,0.3411674280234378
52.94,0,0.3411674280234378
52.96,0,0.3411674280234378
52.98,0,0.3411674280234378
53,0,0.3411674280234378
53.02,0,0.3411674280234378
53.04,0,0.3411674280234378
53.06,0,0.3411674280234378
53.08,0,0.3411674280234378
53.1,0,0.3411674280234378
53.12,0,0.3411674280234378
53.14,0,0.3411674280234378
53.16,0,0.3411674280234378
53.18,0,0.3411674280234378
53.2,0,0.3411674280234378
53.22,0,0.3411674280234378
53.24,0,0.3411674280234378
53.26,0,0.3411674280234378
53.28,0,0.3411674280234378
53.3,0,0.3411674280234378
53.32,0,0.3411674280234378
53.34,0,0.3411674280234378
53.36,0,0.3411674280234378
53.38,0,0.3411674280234378
53.4,0,0.3411674280234378
53.42,0,0.3411674280234378
53.44,0,0.3411674280234378
53.46,0,0.3411674280234378
53.48,0,0.3411674280234378
53.5,0,0.3411674280234378
53.52,0,0.3411674280234378
53.54,0,0.3411674280234378
53.56,0,0.3411674280234378
53.58,0,0.3411674280234378
53.6,0,0.3411674280234378
53.62,0,0.3411674280234378
53.64,0,0.3411674280234378
53.66,0,0.3411674280234378
53.68,0,0.3411674280234378
53.7,0,0.3411674280234378
53.72,0,0.3411674280234378
53.74,0,0.3411674280234378
53.76,0,0.3411674280234378
53.78,0,0.3411674280234378
53.8,0,0.3411674280234378
53.82,0,0.3411674280234378
53.84,0,0.3411674280234378
53.86,0,0.3411674280234378
53.88,0,0.3411674280234378
53.9,0,0.3411674280234378
53.92,0,0.3411674280234378
53.94,0,0.3411674280234378
53.96,0,0.3411674280234378
53.98,0,0.3411674280234378
54,0,0.3411674280234378
54.02,0,0.3411674280234378
54.04,0,0.3411674280234378
54.06,0,0.3411674280234378
54.08,0,0.3411674280234378
54.1,0,0.3411674280234378
54.12,0,0.3411674280234378
54.14,0,0.3411674280234378
54.16,0,0.3411674280234378
54.18,0,0.3411674280234378
54.2,0,0.3411674280234378
54.22,0,0.3411674280234378
54.24,0,0.3411674280234378
54.26,0,0.3411674280234378
54.28,0,0.3411674280234378
54.3,0,0.3411674280234378
54.32,0,0.3411674280234378
54.34,0,0.3411674280234378
54.36,0,0.3411674280234378
54.38,0,0.3411674280234378
54.4,0,0.3411674280234378
54.42,0,0.3411674280234378
54.44,0,0.3411674280234378
54.46,0,0.3411674280234378
54.48,0,0.3411674280234378
54.5,0,0.3411674280234378
54.52,0,0.3411674280234378
54.54,0,0.3411674280234378
54.56,0,0.3411674280234378
54.58,0,0.3411674280234378
54.6,0,0.3411674280234378
54.62,0,0.3411674280234378
54.64,0,0.3411674280234378
54.66,0,0.3411674280234378
54.68,0,0.3411674280234378
54.7,0,0.3411674280234378
54.72,0,0.3411674280234378
54.74,0,0.3411674280234378
54.76,0,0.3411674280234378
54.78,0,0.3411674280234378
54.8,0,0.3411674280234378
54.82,0,0.3411674280234378
54.84,0,0.3411674280234378
54.86,0,0.3411674280234378
54.88,0,0.3411674280234378
54.9,0,0.3411674280234378
54.92,0,0.3411674280234378
54.94,0,0.3411674280234378
54.96,0,0.3411674280234378
54.98,0,0.3411674280234378
55,0,0.3411674280234378
55.02,0,0.3411674280234378
55.04,0,0.3411674280234378
55.06,0,0.3411674280234378
55.08,0,0.3411674280234378
55.1,0,0.3411674280234378
55.12,0,0.3411674280234378
55.14,0,0.3411674280234378
55.16,0,0.3411674280234378
55.18,0,0.3411674280234378
55.2,0,0.3411674280234378
55.22,0,0.3411674280234378
55.24,0,0.3411674280234378
55.26,0,0.3411674280234378
55.28,0,0.3411674280234378
55.3,0,0.3411674280234378
55.32,0,0.3411674280234378
55.34,0,0.3411674280234378
55.36,0,0.3411674280234378
55.38,0,0.3411674280234378
55.4,0,0.3411674280234378
55.42,0,0.3411674280234378
55.44,0,0.3411674280234378
55.46,0,0.3411674280234378
55.48,0,0.3411674280234378
55.5,0,0.3411674280234378
55.52,0,0.3411674280234378
55.54,0,0.3411674280234378
55.56,0,0.3411674280234378
55.58,0,0.3411674280234378
55.6,0,0.3411674280234378
55.62,0,0.3411674280234378
55.64,0,0.3411674280234378
55.66,0,0.3411674280234378
55.68,0,0.3411674280234378
55.7,0,0.3411674280234378
55.72,0,0.3411674280234378
55.74,0,0.3411674280234378
55.76,0,0.3411674280234378
55.78,0,0.3411674280234378
55.8,0,0.3411674280234378
55.82,0,0.3411674280234378
55.84,0,0.3411674280234378
55.86,0,0.3411674280234378
55.88,0,0.3411674280234378
55.9,0,0.3411674280234378
55.92,0,0.3411674280234378
55.94,0,0.3411674280234378
55.96,0,0.3411674280234378
55.98,0,0.3411674280234378
56,0,0.3411674280234378
56.02,0,0.3411674280234378
56.04,0,0.3411674280234378
56.06,0,0.3411674280234378
56.08,0,0.3411674280234378
56.1,0,0.3411674280234378
56.12,0,0.3411674280234378
56.14,0,0.3411674280234378
56.16,0,0.3411674280234378
56.18,0,0.3411674280234378
56.2,0,0.3411674280234378
56.22,0,0.3411674280234378
56.24,0,0.3411674280234378
56.26,0,0.3411674280234378
56.28,0,0.3411674280234378
56.3,0,0.3411674280234378
56.32,0,0.3411674280234378
56.34,0,0.3411674280234378
56.36,0,0.3411674280234378
56.38,0,0.3411674280234378
56.4,0,0.3411674280234378
56.42,0,0.3411674280234378
56.44,0,0.3411674280234378
56.46,0,0.3411674280234378
56.48,0,0.3411674280234378
56.5,0,0.3411674280234378
56.52,0,0.3411674280234378
56.54,0,0.3411674280234378
56.56,0,0.3411674280234378
56.58,0,0.3411674280234378
56.6,0,0.3411674280234378
56.62,0,0.3411674280234378
56.64,0,0.3411674280234378
56.66,0,0.3411674280234378
56.68,0,0.3411674280234378
56.7,0,0.3411674280234378
56.72,0,0.3411674280234378
56.74,0,0.3411674280234378
56.76,0,0.3411674280234378
56.78,0,0.3411674280234378
56.8,0,0.3411674280234378
56.82,0,0.3411674280234378
56.84,0,0.3411674280234378
56.86,0,0.3411674280234378
56.88,0,0.3411674280234378
56.9,0,0.3411674280234378
56.92,0,0.3411674280234378
56.94,0,0.3411674280234378
56.96,0,0.3411674280234378
56.98,0,0.3411674280234378
57,0,0.3411674280234378
57.02,0,0.3411674280234378
57.04,0,0.3411674280234378
57.06,0,0.3411674280234378
57.08,0,0.3411674280234378
57.1,0,0.3411674280234378
57.12,0,0.3411674280234378
57.14,0,0.3411674280234378
57.16,0,0.3411674280234378
57.18,0,0.3411674280234378
57.2,0,0.3411674280234378
57.22,0,0.3411674280234378
57.24,0,0.3411674280234378
57.26,0,0.3411674280234378
57.28,0,0.3411674280234378
57.3,0,0.3411674280234378
57.32,0,0.3411674280234378
57.34,0,0.3411674280234378
57.36,0,0.3411674280234378
57.38,0,0.3411674280234378
57.4,0,0.3411674280234378
57.42,0,0.3411674280234378
57.44,0,0.3411674280234378
57.46,0,0.3411674280234378
57.48,0,0.3411674280234378
57.5,0,0.3411674280234378
57.52,0,0.3411674280234378
57.54,0,0.3411674280234378
57.56,0,0.3411674280234378
57.58,0,0.3411674280234378
57.6,0,0.3411674280234378
57.62,0,0.3411674280234378
57.64,0,0.3411674280234378
57.66,0,0.3411674280234378
57.68,0,0.3411674280234378
57.7,0,0.3411674280234378
57.72,0,0.3411674280234378
57.74,0,0.3411674280234378
57.76,0,0.3411674280234378
57.78,0,0.3411674280234378
57.8,0,0.3411674280234378
57.82,0,0.3411674280234378
57.84,0,0.3411674280234378
57.86,0,0.3411674280234378
57.88,0,0.3411674280234378
57.9,0,0.3411674280234378
57.92,0,0.3411674280234378
57.94,0,0.3411674280234378
57.96,0,0.3411674280234378
57.98,0,0.3411674280234378
58,0,0.3411674280234378
58.02,0,0.3411674280234378
58.04,0,0.3411674280234378
58.06,0,0.3411674280234378
58.08,0,0.3411674280234378
58.1,0,0.3411674280234378
58.12,0,0.3411674280234378
58.14,0,0.3411674280234378
58.16,0,0.3411674280234378
58.18,0,0.3411674280234378
58.2,0,0.3411674280234378
58.22,0,0.3411674280234378
58.24,0,0.3411674280234378
58.26,0,0.3411674280234378
58.28,0,0.3411674280234378
58.3,0,0.3411674280234378
58.32,0,0.3411674280234378
58.34,0,0.3411674280234378
58.36,0,0.3411674280234378
58.38,0,0.3411674280234378
58.4,0,0.3411674280234378
58.42,0,0.3411674280234378
58.44,0,0.3411674280234378
58.46,0,0.3411674280234378
58.48,0,0.3411674280234378
58.5,0,0.3411674280234378
58.52,0,0.3411674280234378
58.54,0,0.3411674280234378
58.56,0,0.3411674280234378
58.58,0,0.3411674280234378
58.6,0,0.3411674280234378
58.62,0,0.3411674280234378
58.64,0,0.3411674280234378
58.66,0,0.3411674280234378
58.68,0,0.3411674280234378
58.7,0,0.3411674280234378
58.72,0,0.3411674280234378
58.74,0,0.3411674280234378
58.76,0,0.3411674280234378
58.78,0,0.3411674280234378
58.8,0,0.3411674280234378
58.82,0,0.3411674280234378
58.84,0,0.3411674280234378
58.86,0,0.3411674280234378
58.88,0,0.3411674280234378
58.9,0,0.3411674280234378
58.92,0,0.3411674280234378
58.94,0,0.3411674280234378
58.96,0,0.3411674280234378
58.98,0,0.3411674280234378
59,0,0.3411674280234378
59.02,0,0.3411674280234378
59.04,0,0.3411674280234378
59.06,0,0.3411674280234378
59.08,0,0.3411674280234378
59.1,0,0.3411674280234378
59.12,0,0.3411674280234378
59.14,0,0.3411674280234378
59.16,0,0.3411674280234378
59.18,0,0.3411674280234378
59.2,0,0.3411674280234378
59.22,0,0.3411674280234378
59.24,0,0.3411674280234378
59.26,0,0.3411674280234378
59.28,0,0.3411674280234378
59.3,0,0.3411674280234378
59.32,0,0.3411674280234378
59.34,0,0.3411674280234378
59.36,0,0.3411674280234378
59.38,0,0.3411674280234378
59.4,0,0.3411674280234378
59.42,0,0.3411674280234378
59.44,0,0.3411674280234378
59.46,0,0.3411674280234378
59.48,0,0.3411674280234378
59.5,0,0.3411674280234378
59.52,0,0.3411674280234378
59.54,0,0.3411674280234378
59.56,0,0.3411674280234378
59.58,0,0.3411674280234378
59.6,0,0.3411674280234378
59.62,0,0.3411674280234378
59.64,0,0.3411674280234378
59.66,0,0.3411674280234378
59.68,0,0.3411674280234378
59.7,0,0.3411674280234378
59.72,0,0.3411674280234378
59.74,0,0.3411674280234378
59.76,0,0.3411674280234378
59.78,0,0.3411674280234378
59.8,0,0.3411674280234378
59.82,0,0.3411674280234378
59.84,0,0.3411674280234378
59.86,0,0.3411674280234378
59.88,0,0.3411674280234378
59.9,0,0.3411674280234378
59.92,0,0.3411674280234378
59.94,0,0.3411674280234378
59.96,0,0.3411674280234378
59.98,0,0.3411674280234378
60,0,0.3411674280234378
60.02,0,0.3411674280234378
