t, ‘wŠÔ•ÏŒ`
0,0
0.5,-0.012997
1,0.0373125
1.5,-0.0614377
2,0.100231
2.5,-0.12271
3,0.0444749
3.5,0.0702301
4,-0.091262
4.5,0.0682082
5,-0.0670658
5.5,0.113917
6,-0.124471
6.5,0.0184874
7,0.0341463
7.5,-0.0182683
8,0.0839846
8.5,0.0268053
9,-0.0118072
9.5,-0.0979534
10,0.134167
10.5,-0.106394
11,0.13909
11.5,-0.00812014
12,-0.0692283
12.5,0.164096
13,-0.24519
13.5,0.105686
14,-0.00184437
14.5,-0.0254495
15,-0.0145718
15.5,-0.0529955
16,0.237733
16.5,-0.324615
17,0.319282
17.5,0.0781231
18,-0.0996508
18.5,-0.0353446
19,0.0630374
19.5,-0.0360028
20,-0.12433
20.5,0.133746
21,-0.197064
21.5,0.0937384
22,0.0333995
22.5,-0.0748656
23,0.313673
23.5,-0.309567
24,0.46194
24.5,-0.446338
25,0.0754471
25.5,0.20991
26,-0.0647343
26.5,0.0335269
27,-0.0441146
27.5,-0.10547
28,-0.264126
28.5,0.40475
29,0.0593608
29.5,-0.179779
30,-0.0593006
30.5,0.393119
31,-0.469406
31.5,0.0400063
32,0.51961
32.5,-0.516262
33,0.31377
33.5,-0.166514
34,0.202049
34.5,-0.114038
35,-0.429334
35.5,0.623567
36,-0.0939027
36.5,-0.834157
37,0.988256
37.5,-0.537952
38,-0.0993422
38.5,0.120933
39,0.408114
39.5,-0.487451
40,-0.561261
40.5,1.29281
41,-0.75194
41.5,-0.415723
42,1.18421
42.5,-0.905985
43,-0.789484
43.5,1.67141
44,-1.00505
44.5,0.191718
45,0.144655
45.5,-0.743148
46,1.02363
46.5,-0.445722
47,0.168597
47.5,-0.492132
48,0.31309
48.5,1.35833
49,-2.30854
49.5,1.0967
50,0.621095
50.5,-1.40585
51,0.206722
51.5,0.398167
52,0.242369
52.5,-1.6901
53,1.98168
53.5,0.179216
54,-1.21
54.5,0.179904
55,1.6455
55.5,-1.07083
56,-1.66888
56.5,2.59059
57,-1.01561
57.5,-0.78143
58,1.12127
58.5,0.168954
59,-2.18217
59.5,2.08766
60,1.77121
60.5,-2.61683
61,1.06357
61.5,0.756791
62,-0.69848
62.5,-1.39501
63,2.25337
63.5,-0.0383472
64,-3.10473
64.5,2.29269
65,0.730146
65.5,-0.877269
66,-1.05035
66.5,1.41965
67,0.969126
67.5,-2.78017
68,0.860755
68.5,2.73517
69,-3.89502
69.5,-1.54173
70,3.89883
70.5,-0.283261
71,-2.80322
71.5,0.771607
72,3.86076
72.5,-2.7722
73,-3.07112
73.5,4.96083
74,-3.89247
74.5,0.634122
75,1.87182
75.5,1.6619
76,-4.84008
76.5,3.41427
77,1.19299
77.5,-3.00136
78,0.174126
78.5,2.77905
79,-0.473546
79.5,-3.90225
80,4.57335
80.5,-0.895447
81,-4.25275
81.5,2.65157
82,2.16146
82.5,-3.59585
83,-0.505954
83.5,4.10765
84,-2.40242
84.5,-1.41108
85,1.11846
85.5,3.93069
86,-4.49323
86.5,-0.0182825
87,4.60826
87.5,-4.04251
88,-1.13819
88.5,2.78762
89,1.23694
89.5,-4.36061
90,-0.0427687
90.5,6.05024
91,-5.56456
91.5,-0.0443788
92,4.18956
92.5,-1.45845
93,-3.80266
93.5,4.48402
94,0.850234
94.5,-4.70787
95,2.13161
95.5,2.8848
96,-3.55654
96.5,-0.431237
97,3.37156
97.5,-1.82066
98,-1.9132
98.5,2.57391
99,0.504211
99.5,-2.38729
100,-0.00641219
100.5,3.35542
101,-2.28485
101.5,-1.70239
102,3.50699
102.5,-0.462336
103,-2.91037
103.5,0.560843
104,3.18041
104.5,-3.27881
105,-0.394525
105.5,3.48377
106,-0.86926
106.5,-2.58867
107,2.23869
107.5,1.29473
108,-3.88686
108.5,1.78352
109,0.895992
109.5,-1.0927
110,-0.0198759
110.5,0.96556
111,0.576334
111.5,-2.12023
112,1.24506
112.5,1.09762
113,-2.40089
113.5,1.22856
114,0.759302
114.5,-0.72662
115,-0.625945
115.5,0.461544
116,1.61777
116.5,-3.20101
117,2.44465
117.5,0.308129
118,-1.07484
118.5,-0.156493
119,1.27015
119.5,-0.826027
120,-1.4999
120.5,1.96993
121,-0.762463
121.5,-0.0596348
122,0.58508
122.5,0.747978
123,-1.39122
123.5,0.159457
124,0.672159
124.5,-0.531926
125,-0.294221
125.5,0.430148
126,0.651752
126.5,-1.38628
127,0.917363
127.5,0.519019
128,-0.833535
128.5,-0.383623
129,0.897319
129.5,0.501292
130,-1.42607
130.5,0.768693
131,0.625627
131.5,-1.69778
132,0.737231
132.5,0.399444
133,0.0264507
133.5,-0.6814
134,0.763544
134.5,0.0983598
135,-0.877695
135.5,0.967546
136,-0.347788
136.5,0.128657
137,-0.804951
137.5,0.686911
138,0.250379
138.5,-0.61369
139,0.152082
139.5,-0.23087
140,0.212999
140.5,-0.138458
141,0.43173
141.5,-0.369432
142,-0.193439
142.5,0.0821645
143,0.400021
143.5,-0.320181
144,0.0641247
144.5,-0.245799
145,0.0434134
145.5,0.301284
146,0.131291
146.5,-0.424446
147,0.124943
147.5,0.390826
148,-0.74948
148.5,0.110505
149,0.372482
149.5,0.258901
150,-0.700739
150.5,0.829087
151,0.0605086
151.5,-0.945735
152,-0.160813
152.5,0.799846
153,0.632765
153.5,-0.812933
154,0.316282
154.5,-0.0892111
155,-0.57992
155.5,0.316483
156,0.571817
156.5,-0.200498
157,-0.457501
157.5,0.40806
158,0.254225
158.5,-0.397184
159,0.15911
159.5,0.170786
160,-0.499384
160.5,0.165501
161,-0.00570081
161.5,0.293233
162,-0.760868
162.5,0.83677
163,0.18445
163.5,-0.43786
164,-0.159885
164.5,-0.0146912
165,0.0733229
165.5,-0.0675476
166,0.569096
166.5,-0.404233
167,-0.0762137
167.5,0.0165828
168,0.561552
168.5,0.0347696
169,-0.446717
169.5,0.316575
170,-0.884702
170.5,0.439969
171,0.212864
171.5,0.162909
172,0.187588
172.5,-0.0996852
173,0.0653202
173.5,-0.474199
174,-0.248805
174.5,0.742532
175,-0.514431
175.5,0.126742
176,0.199778
176.5,-0.137022
177,0.277296
177.5,-0.087296
178,0.388626
178.5,-0.693738
179,-0.0779945
179.5,0.430897
180,-0.0365899
180.5,-0.00191854
181,-0.128724
181.5,0.326351
182,-0.869416
182.5,0.558718
183,0.0165029
183.5,0.310004
184,-0.124069
184.5,0.0789202
185,0.197903
185.5,-0.688093
186,0.584486
186.5,-0.0289566
187,-0.257324
187.5,-0.22053
188,0.394737
188.5,0.00853551
189,-0.290492
189.5,0.340892
190,-0.229681
190.5,-0.113306
191,-0.0892161
191.5,0.581864
192,0.00363837
192.5,-0.392469
193,0.179976
193.5,0.186735
194,-0.738484
194.5,0.245785
195,0.334467
195.5,0.0556705
196,-0.747582
196.5,0.654779
197,0.000392648
197.5,-0.356172
198,0.24851
198.5,0.266681
199,0.119087
199.5,-0.33722
200,0.43318
200.5,-0.439544
201,-0.11511
201.5,-0.17071
202,0.364223
202.5,-0.146683
203,-0.244178
203.5,0.793307
204,-0.727511
204.5,0.525985
205,-0.36038
205.5,0.420196
206,-0.466668
206.5,-0.279469
207,0.644656
207.5,-0.762376
208,0.607069
208.5,0.130332
209,0.0102326
209.5,-0.416177
210,0.283363
210.5,0.0483098
211,-0.63268
211.5,0.391371
212,-0.00156385
212.5,0.154026
213,-0.410081
213.5,0.14828
214,0.396855
214.5,-0.538105
215,0.539463
215.5,-0.22038
216,-0.0751696
216.5,-0.0902094
217,0.260392
217.5,0.282151
218,-0.642558
218.5,0.143151
219,-0.0715878
219.5,-0.486622
220,0.656367
220.5,-0.0284212
221,0.134295
221.5,-0.146014
222,0.458753
222.5,-0.220576
223,-0.692062
223.5,0.500055
224,-0.254828
224.5,0.152722
225,-0.206418
225.5,0.705268
226,-0.472403
226.5,-0.0910748
227,0.285015
227.5,-0.467546
228,0.0628622
228.5,-0.205243
229,0.558615
229.5,-0.0120748
230,-0.0419214
230.5,0.16164
231,-0.326191
231.5,-0.211754
232,0.0426353
232.5,0.435104
233,-0.460402
233.5,0.327692
234,-0.0432872
234.5,-0.0442061
235,0.0660354
235.5,-0.0179088
236,-0.01038
236.5,-0.454745
237,0.13657
237.5,0.0712753
238,0.10691
238.5,0.481229
239,0.0547289
239.5,-0.265028
240,-0.158543
240.5,-0.106539
241,0.175912
241.5,-0.145532
242,0.179513
242.5,-0.0755357
243,-0.0900355
243.5,0.113112
244,-0.0066099
244.5,0.309564
245,-0.313791
245.5,0.305578
246,-0.373025
246.5,0.0970771
247,0.143675
247.5,-0.141908
248,0.291486
248.5,-0.406018
249,0.434225
249.5,-0.348266
250,0.167482
250.5,-0.0718219
251,-0.0443669
251.5,0.187471
252,-0.304461
252.5,0.382527
253,-0.202042
253.5,0.190032
254,-0.00833772
254.5,-0.216306
255,-0.0606263
255.5,0.0533592
256,0.300618
256.5,-0.183987
257,0.205615
257.5,-0.124021
258,0.129893
258.5,-0.217214
259,-0.0998454
259.5,0.355769
260,-0.460269
260.5,0.39334
261,-0.140578
261.5,0.102092
262,0.0609907
262.5,-0.0440661
263,0.154042
263.5,-0.404971
264,0.341891
264.5,-0.369429
265,0.100766
265.5,0.134851
266,-0.100143
266.5,0.421542
267,-0.300812
267.5,0.0406229
268,-0.0196593
268.5,-0.0822834
269,0.125248
269.5,-0.118894
270,0.249723
270.5,-0.299152
271,0.235007
271.5,0.0241131
272,-0.19934
272.5,0.279974
273,-0.131662
273.5,0.0590084
274,-0.105533
274.5,0.20354
275,-0.126459
275.5,-0.10332
276,0.235151
276.5,-0.223462
277,0.0773292
277.5,-0.0223395
278,0.0703251
278.5,-0.0755058
279,-0.0304048
279.5,0.125487
280,-0.140136
280.5,0.100904
281,-0.111794
281.5,0.134998
282,-0.0694895
282.5,-0.0857384
283,0.203699
283.5,-0.15945
284,0.0358365
284.5,0.0118737
285,0.064304
285.5,-0.130075
286,0.0492578
286.5,0.121617
287,-0.216815
287.5,0.147609
288,-0.017022
288.5,-0.0358006
289,-0.00382583
289.5,0.0335236
290,0.016234
290.5,-0.0916781
291,0.113699
291.5,-0.0758316
292,0.0395675
292.5,-0.0286642
293,0.00355654
293.5,0.05574
294,-0.103019
294.5,0.0810821
295,-0.0172581
295.5,-0.00641152
296,-0.03532
296.5,0.0679936
297,-0.0147843
297.5,-0.0910916
298,0.141032
298.5,-0.0840859
299,-0.00863093
299.5,0.0380747
300,0.00206413
300.5,-0.0166344
301,0.0179137
301.5,0.062207
302,-0.108897
302.5,0.0535421
303,0.0999737
303.5,-0.139612
304,0.154406
304.5,-0.0500751
305,-0.0259458
305.5,0.0823275
306,-0.202072
306.5,0.0700843
307,0.0505622
307.5,0.0259197
308,-0.0393277
308.5,0.228655
309,-0.24508
309.5,0.0437283
310,0.204274
310.5,-0.279338
311,0.41449
311.5,-0.138753
312,0.004701
312.5,0.0353266
313,-0.206053
313.5,0.193636
314,-0.234621
314.5,0.256381
315,-0.218933
315.5,-0.102951
316,0.201452
316.5,-0.137427
317,0.255329
317.5,0.0128041
318,0.194471
318.5,-0.143536
319,0.0590662
319.5,-0.144944
320,0.0781402
320.5,0.0498836
321,-0.421624
321.5,0.25795
322,-0.0713279
322.5,-0.0773732
323,0.414933
323.5,-0.17356
324,0.44183
324.5,-0.475507
325,0.144354
325.5,0.0700183
326,0.0193052
326.5,0.228265
327,-0.296047
327.5,-0.0956184
328,-0.332185
328.5,0.183681
329,0.0921133
329.5,0.60794
330,-0.749879
330.5,0.493143
331,0.135234
331.5,-0.635737
332,0.761448
332.5,-0.355268
333,0.751976
333.5,-0.793861
334,0.40428
334.5,0.661452
335,-1.25002
335.5,0.477205
336,0.623994
336.5,-1.25525
337,1.0919
337.5,-0.292856
338,0.594296
338.5,-0.355878
339,0.166723
339.5,1.27108
340,-2.2217
340.5,1.22317
341,1.04646
341.5,-1.83542
342,0.64457
342.5,0.64911
343,-2.71348
343.5,1.60676
344,-0.343063
344.5,0.74695
345,-0.274424
345.5,-1.78943
346,1.423
346.5,-0.490692
347,1.35858
347.5,-0.814762
348,-2.08638
348.5,3.60258
349,-1.12428
349.5,-1.1808
350,0.910109
350.5,-0.207872
351,-0.300807
351.5,-3.14394
352,4.27702
352.5,-1.1743
353,-2.71251
353.5,2.89021
354,1.16001
354.5,-4.03751
355,0.63986
355.5,4.73509
356,-5.24009
356.5,-0.635874
357,4.08945
357.5,-1.40646
358,-2.31371
358.5,4.82167
359,-1.83476
359.5,-4.46362
360,5.14476
360.5,1.43363
361,-3.4126
361.5,-1.22955
362,6.24472
362.5,-4.67593
363,-2.53542
363.5,6.21307
364,-2.25113
364.5,-0.924367
365,1.18768
365.5,1.75016
366,0.465307
366.5,-4.49283
367,5.19688
367.5,3.02366
368,-8.08966
368.5,4.17195
369,5.10857
369.5,-8.04558
370,-3.64269
370.5,10.8832
371,-0.172884
371.5,-8.99917
372,5.29381
372.5,8.1542
373,-12.4304
373.5,4.62527
374,-0.515386
374.5,-0.622098
375,-5.88318
375.5,10.2419
376,-2.97623
376.5,-5.02855
377,6.12972
377.5,1.81957
378,-5.10754
378.5,-2.33385
379,9.28269
379.5,-4.79291
380,-2.43583
380.5,4.35793
381,-1.37847
381.5,-5.26667
382,1.23029
382.5,7.08106
383,-9.56528
383.5,0.72502
384,5.96896
384.5,-0.822121
385,-11.3443
385.5,10.2187
386,7.83733
386.5,-12.6988
387,4.97913
387.5,6.46216
388,-3.87714
388.5,-3.89452
389,8.63559
389.5,3.66965
390,-12.1502
390.5,9.30859
391,5.51509
391.5,-5.728
392,-1.08226
392.5,10.0262
393,-2.88744
393.5,-3.22215
394,7.18897
394.5,2.60835
395,-5.44331
395.5,2.74277
396,7.8636
396.5,-4.83649
397,-0.490236
397.5,6.44925
398,0.661581
398.5,-3.45591
399,4.33403
399.5,4.81336
400,-5.37264
400.5,2.80415
401,6.27053
401.5,-2.5067
402,-1.25212
402.5,5.61998
403,2.10474
403.5,-6.46226
404,5.19334
404.5,4.86894
405,-3.37845
405.5,0.138862
406,8.05329
406.5,-0.48986
407,-5.50536
407.5,8.50811
408,-0.366643
408.5,-2.42698
409,1.58904
409.5,5.26245
410,-0.123824
410.5,-3.06255
411,8.23234
411.5,-1.63984
412,-1.66224
412.5,4.4989
413,1.22891
413.5,-0.739622
414,1.15124
414.5,3.25645
415,1.18308
415.5,-2.78053
416,6.31991
416.5,-0.648964
417,0.302495
417.5,2.18907
418,3.44088
418.5,-1.47849
419,0.747271
419.5,3.77579
420,-0.90565
420.5,0.271249
421,2.23826
421.5,4.01475
422,-2.26619
422.5,4.07902
423,0.77392
423.5,0.222736
424,0.560056
424.5,2.5002
425,1.7748
425.5,-1.98196
426,5.30354
426.5,-1.11796
427,1.79735
427.5,1.24837
428,1.8294
428.5,1.10253
429,-1.15687
429.5,5.6693
430,-0.930405
430.5,0.326581
431,2.67532
431.5,0.297623
432,1.43386
432.5,-0.539933
433,4.99718
433.5,-1.18088
434,0.849911
434.5,3.39786
435,-0.378467
435.5,2.17855
436,-0.143553
436.5,4.14984
437,-2.29445
437.5,2.17035
438,2.95709
438.5,0.139032
439,0.8493
439.5,0.392341
440,3.7845
440.5,-1.17153
441,2.66671
441.5,1.3504
442,0.860537
442.5,0.132728
443,2.4016
443.5,2.32068
444,-1.26921
444.5,2.30303
445,1.2429
445.5,1.40644
446,1.08225
446.5,1.49603
447,1.09075
447.5,0.764161
448,1.65145
448.5,0.463755
449,1.60329
449.5,2.16485
450,0.546182
450.5,1.82035
451,1.46568
451.5,0.386359
452,0.189063
452.5,1.63443
453,3.61791
453.5,0.0433054
454,1.25342
454.5,0.534501
455,1.60886
455.5,0.668574
456,1.961
456.5,1.70704
457,0.430502
457.5,1.13485
458,1.61046
458.5,2.17752
459,-0.277324
459.5,2.25959
460,0.613406
460.5,1.2918
461,0.776046
461.5,2.08417
462,0.812361
462.5,0.879186
463,2.90553
463.5,0.685599
464,0.281654
464.5,0.785785
465,1.96084
465.5,1.26911
466,1.221
466.5,1.59796
467,1.06437
467.5,0.477588
468,2.31125
468.5,2.02551
469,0.0935668
469.5,1.05063
470,0.561769
470.5,1.62265
471,1.05161
471.5,1.98624
472,2.10326
472.5,0.592652
473,1.16216
473.5,1.18608
474,0.268641
474.5,1.80235
475,1.65032
475.5,0.702782
476,1.57894
476.5,0.911044
477,2.19947
477.5,0.764706
478,1.40152
478.5,1.16203
479,0.0973191
479.5,2.00772
480,1.55144
480.5,1.60114
481,0.427652
481.5,1.70089
482,0.398818
482.5,1.18214
483,1.76643
483.5,1.73248
484,1.49242
484.5,0.518879
485,2.06434
485.5,0.308705
486,1.21258
486.5,1.49735
487,1.32142
487.5,0.707473
488,1.01102
488.5,2.14091
489,1.1746
489.5,0.636517
490,1.4351
490.5,1.63518
491,0.710589
491.5,1.55782
492,1.89415
492.5,1.17205
493,0.019424
493.5,2.17888
494,0.726468
494.5,1.04362
495,0.972266
495.5,2.38097
496,0.244333
496.5,0.977883
497,1.94213
497.5,1.00583
498,1.17172
498.5,1.00145
499,2.49654
499.5,0.552052
500,1.4221
500.5,0.943673
501,1.29348
501.5,0.37445
502,1.31114
502.5,2.29824
503,-0.0677636
503.5,2.85793
504,0.37296
504.5,2.19643
505,0.337765
505.5,1.35916
506,1.90571
506.5,-0.331793
507,2.32685
507.5,0.567602
508,1.88199
508.5,1.47601
509,1.40753
509.5,1.24341
510,0.57328
510.5,1.67062
511,0.915774
511.5,1.21168
512,1.17386
512.5,1.70152
513,1.16334
513.5,0.268755
514,2.43116
514.5,0.917202
515,1.29606
515.5,1.25255
516,1.15414
516.5,1.23257
517,1.01567
517.5,2.04253
518,1.13111
518.5,-0.0389714
519,1.92684
519.5,0.522802
520,2.05491
520.5,1.24292
521,1.43868
521.5,1.79982
522,0.697894
522.5,1.82863
523,0.0508692
523.5,1.53144
524,0.848488
524.5,1.96104
525,0.956314
525.5,1.57597
526,1.70211
526.5,0.814795
527,1.19965
527.5,0.920508
528,1.36132
528.5,0.529288
529,2.05434
529.5,1.7869
530,1.20848
530.5,0.973689
531,1.07935
531.5,0.827951
532,0.892363
532.5,2.26765
533,0.498439
533.5,1.84613
534,0.868903
534.5,1.53361
535,1.38495
535.5,0.822976
536,1.66044
536.5,0.278846
537,1.37469
537.5,1.03156
538,1.87482
538.5,1.78854
539,1.50933
539.5,1.05361
540,0.502383
540.5,1.28772
541,1.0614
541.5,1.52456
542,0.985737
542.5,1.5127
543,0.974393
543.5,1.22859
544,1.69202
544.5,1.1874
545,1.36257
545.5,1.12585
546,1.12116
546.5,0.874963
547,1.67291
547.5,1.06065
548,1.46693
548.5,1.12168
549,1.17012
549.5,1.44271
550,0.957417
550.5,1.42325
551,1.06214
551.5,1.45839
552,0.992074
552.5,1.4583
553,1.39051
553.5,1.1967
554,1.39977
554.5,0.940065
555,0.762308
555.5,1.59653
556,1.67497
556.5,0.919621
557,1.58851
557.5,1.14929
558,1.16893
558.5,0.88371
559,1.34663
559.5,1.39723
560,0.755795
560.5,1.6149
561,1.18457
561.5,1.29827
562,1.58453
562.5,1.11375
563,1.35175
563.5,0.797166
564,1.48363
564.5,1.05898
565,0.82657
565.5,1.70524
566,1.25194
566.5,1.54853
567,1.07958
567.5,1.24478
568,1.14969
568.5,0.925795
569,1.73597
569.5,0.959192
570,1.19551
570.5,1.32862
571,1.29294
571.5,1.26234
572,0.955552
572.5,1.66486
573,1.05197
573.5,1.11289
574,1.43255
574.5,1.15252
575,1.25009
575.5,1.10446
576,1.50456
576.5,1.00544
577,1.21112
577.5,1.36193
578,1.13861
578.5,1.23133
579,1.16939
579.5,1.45541
580,0.983365
580.5,1.32095
581,1.34675
581.5,1.11246
582,1.25697
582.5,1.23464
583,1.36041
583.5,1.00457
584,1.37291
584.5,1.28871
585,1.07612
585.5,1.32481
586,1.21877
586.5,1.29267
587,1.07706
587.5,1.38193
588,1.22939
588.5,1.11953
589,1.3379
589.5,1.20701
590,1.25944
590.5,1.13162
591,1.36008
591.5,1.20209
592,1.14371
592.5,1.34105
593,1.19901
593.5,1.23419
594,1.17362
594.5,1.35651
595,1.15756
595.5,1.18927
596,1.34493
596.5,1.16761
597,1.23391
597.5,1.22137
598,1.31234
598.5,1.1448
599,1.24082
599.5,1.31564
600,1.14642
600.5,1.21639
601,1.21823
601.5,1.317
602,1.16156
602.5,1.26924
603,1.25525
603.5,1.13112
604,1.30789
604.5,1.35513
605,1.12089
605.5,1.21844
606,1.1827
606.5,1.15935
607,1.39104
607.5,1.16425
608,1.34867
608.5,1.28875
609,1.08092
609.5,1.22592
610,1.26631
610.5,1.13806
611,1.59408
611.5,1.25148
612,1.04802
612.5,1.29296
613,1.20891
613.5,1.1569
614,1.19662
614.5,1.39075
615,1.11747
615.5,0.944899
616,1.51932
616.5,1.39831
617,0.961489
617.5,1.59202
618,1.46009
618.5,0.823816
619,1.36944
619.5,1.12494
620,1.41469
620.5,0.760853
621,1.26206
621.5,1.21896
622,1.16587
622.5,1.27882
623,1.50585
623.5,1.35326
624,1.5175
624.5,0.900744
625,1.12871
625.5,1.43865
626,1.53032
626.5,1.10115
627,1.36542
627.5,0.496701
628,1.27637
628.5,1.3681
629,1.14844
629.5,2.18483
630,0.0294378
630.5,2.27709
631,0.800305
631.5,1.05993
632,2.00167
632.5,0.530816
633,2.6281
633.5,-0.0977303
634,2.16998
634.5,1.55603
635,0.237136
635.5,1.5629
636,1.85275
636.5,0.0485217
637,2.23331
637.5,0.982127
638,1.55633
638.5,1.14894
639,1.172
639.5,2.67025
640,-1.29626
640.5,2.60402
641,2.61802
641.5,-1.5974
642,3.06887
642.5,1.10483
643,-2.18968
643.5,4.47234
644,-0.468278
644.5,2.34087
645,1.39846
645.5,-1.371
646,2.36531
646.5,2.00823
647,2.41616
647.5,-1.23144
648,0.331458
648.5,6.06092
649,-1.70844
649.5,0.267007
650,3.39959
650.5,-0.561354
651,1.02523
651.5,-1.29957
652,5.29992
652.5,-0.451574
653,-1.22442
653.5,4.84787
654,1.87657
654.5,-3.47386
655,3.32418
655.5,5.13756
656,-4.42817
656.5,1.09398
657,5.16741
657.5,-0.196686
658,-0.714151
658.5,6.775
659,-3.30547
659.5,-0.918563
660,7.51846
660.5,0.554365
661,-0.630895
661.5,-0.0743373
662,7.32918
662.5,-4.81785
663,0.70182
663.5,6.64918
664,-2.09249
664.5,1.82151
665,1.22602
665.5,4.44288
666,1.23073
666.5,-4.28354
667,8.69667
667.5,3.98487
668,-9.51225
668.5,8.4925
669,6.32604
669.5,-12.4044
670,0.51634
670.5,12.1465
671,-1.51848
671.5,-6.84275
672,6.73593
672.5,9.98109
673,-12.0447
673.5,5.881
674,-4.06783
674.5,3.36798
675,-4.83048
675.5,10.0627
676,-2.94716
676.5,-2.17532
677,6.07587
677.5,1.62897
678,-3.93175
678.5,-0.997396
679,10.0026
679.5,-5.57276
680,0.467355
680.5,3.67467
681,-2.71136
681.5,-3.16706
682,3.05381
682.5,5.80875
683,-9.39997
683.5,4.71449
684,4.18297
684.5,0.685149
685,-11.1368
685.5,12.0122
686,10.3462
686.5,-9.64151
687,8.75765
687.5,8.22391
688,-0.493106
688.5,-0.7009
689,11.8177
689.5,6.41999
690,-10.3279
690.5,12.3176
691,6.93977
691.5,-2.7531
692,1.32117
692.5,12.5816
693,-1.60288
693.5,1.33288
694,8.30907
694.5,4.24813
695,-1.73219
695.5,4.79402
696,9.41812
696.5,-1.98207
697,3.0882
697.5,6.37631
698,4.2622
698.5,0.176447
699,4.42343
699.5,8.08097
700,-2.87627
700.5,5.58528
701,7.44052
701.5,0.631275
702,1.8863
702.5,6.30486
703,5.4666
703.5,-4.78094
704,7.91644
704.5,6.74367
705,-0.585955
705.5,2.85046
706,10.1341
706.5,2.13081
707,-3.37476
707.5,11.2476
708,0.655968
708.5,1.15993
709,3.06616
709.5,7.35427
710,3.71891
710.5,-1.56688
711,10.5543
711.5,0.626485
712,1.42351
712.5,6.09022
713,3.13361
713.5,3.02656
714,2.5467
714.5,5.24841
715,4.68168
715.5,-1.24532
716,8.98069
716.5,1.19357
717,3.85774
717.5,3.67994
718,5.82892
718.5,1.35813
719,2.99163
719.5,5.44172
720,1.45922
720.5,3.37944
721,3.38266
721.5,7.31154
722,0.353546
722.5,6.37381
723,2.3276
723.5,3.49454
724,2.57908
724.5,4.14487
725,5.04523
725.5,-0.155136
726,8.01307
726.5,0.46575
727,5.2269
727.5,3.18015
728,3.6406
728.5,4.10996
729,0.827929
729.5,8.42475
730,1.11327
730.5,2.9709
731,4.9559
731.5,1.858
732,4.73346
732.5,1.37321
733,7.42712
733.5,1.40486
734,3.20805
734.5,5.55292
735,1.98218
735.5,5.0045
736,1.6547
736.5,6.70117
737,-0.240359
737.5,4.71134
738,5.21546
738.5,2.71021
739,2.86172
739.5,2.72452
740,6.22243
740.5,1.39184
741,5.22828
741.5,2.97917
742,4.02288
742.5,1.73379
743,5.32861
743.5,4.39048
744,1.3838
744.5,4.33726
745,3.10321
745.5,5.15088
746,2.29486
746.5,4.13023
747,3.58097
747.5,3.13017
748,3.60548
748.5,2.64942
749,4.68553
749.5,3.99895
750,3.09573
750.5,4.47507
751,3.72763
751.5,2.35811
752,2.07243
752.5,4.70991
753,6.31581
753.5,1.88936
754,3.82753
754.5,2.44674
755,4.11289
755.5,2.61804
756,5.08354
756.5,3.65172
757,2.69741
757.5,3.76068
758,3.79929
758.5,4.78395
759,1.66335
759.5,5.06796
760,2.44674
760.5,3.96252
761,3.03612
761.5,4.3753
762,3.3408
762.5,3.16526
763,5.75499
763.5,2.596
764,2.70665
764.5,2.9639
765,4.2506
765.5,4.01267
766,3.56577
766.5,3.774
767,3.40933
767.5,2.77468
768,4.90386
768.5,4.26736
769,2.52225
769.5,3.23343
770,2.3547
770.5,4.5551
771,3.38573
771.5,4.47284
772,4.53333
772.5,3.05837
773,3.43073
773.5,3.10032
774,2.81278
774.5,4.05895
775,4.14084
775.5,3.01698
776,3.95325
776.5,3.31926
777,4.59178
777.5,3.38156
778,3.56495
778.5,3.47617
779,2.07936
779.5,4.7388
780,4.04282
780.5,3.69865
781,3.11693
781.5,3.68941
782,2.60849
782.5,3.65966
783,4.04751
783.5,4.52334
784,3.52504
784.5,3.20452
785,4.02692
785.5,2.8739
786,3.42267
786.5,3.82366
787,4.0665
787.5,2.31294
788,3.92593
788.5,4.27297
789,3.76271
789.5,2.80113
790,3.82981
790.5,4.12245
791,2.66639
791.5,4.55679
792,3.75768
792.5,3.91043
793,1.87887
793.5,4.81341
794,2.80268
794.5,3.1405
795,3.88214
795.5,4.48275
796,2.68631
796.5,3.11007
797,4.46519
797.5,3.44698
798,3.13619
798.5,3.78285
799,4.79074
799.5,3.01139
800,3.56036
800.5,3.39105
801,3.56166
801.5,2.44259
802,4.06803
802.5,4.46985
803,2.35312
803.5,5.34344
804,2.70996
804.5,4.75635
805,2.2423
805.5,4.05864
806,4.06608
806.5,1.95414
807,4.65461
807.5,3.107
808,4.20258
808.5,3.76824
809,4.21964
809.5,2.9995
810,3.27245
810.5,3.762
811,3.45677
811.5,3.26107
812,3.43079
812.5,4.88287
813,2.41827
813.5,3.31321
814,4.47567
814.5,3.37273
815,3.70738
815.5,3.50813
816,3.71644
816.5,3.01295
817,4.19918
817.5,3.85246
818,3.8682
818.5,1.80004
819,4.31926
819.5,2.97275
820,4.14419
820.5,4.39035
821,3.18115
821.5,4.72439
822,2.7515
822.5,4.1373
823,2.46341
823.5,3.12691
824,4.13067
824.5,3.64522
825,3.6495
825.5,4.29985
826,3.57404
826.5,3.51389
827,3.2017
827.5,3.69632
828,2.91689
828.5,3.36336
829,4.55158
829.5,3.84777
830,4.16772
830.5,2.77287
831,3.63157
831.5,2.88913
832,3.32663
832.5,4.76186
833,2.70058
833.5,4.58497
834,2.82991
834.5,4.43957
835,3.17719
835.5,3.36058
836,4.11446
836.5,2.25787
837,3.76796
837.5,3.51384
838,4.32959
838.5,4.16287
839,4.32745
839.5,2.99925
840,2.70642
840.5,3.71876
841,3.41786
841.5,3.98625
842,3.04282
842.5,4.23141
843,3.03604
843.5,3.749
844,3.93075
844.5,3.91243
845,3.54056
845.5,3.2691
846,3.86587
846.5,2.78379
847,4.1542
847.5,3.42219
848,4.2106
848.5,2.78903
849,3.89413
849.5,3.86587
850,2.97002
850.5,3.96844
851,3.24867
851.5,4.04149
852,3.18888
852.5,3.83414
853,3.98853
853.5,3.377
854,3.77854
854.5,3.10797
855,3.25337
855.5,3.82922
856,4.0121
856.5,3.69712
857,3.53493
857.5,3.65158
858,3.60122
858.5,3.05889
859,3.74621
859.5,3.76813
860,3.25181
860.5,3.65572
861,3.73374
861.5,3.7261
862,3.81845
862.5,3.50952
863,3.65517
863.5,3.25809
864,3.52471
864.5,3.52388
865,3.23788
865.5,3.89559
866,3.74626
866.5,3.93466
867,3.65571
867.5,3.17694
868,3.65396
868.5,3.40219
869,3.79436
869.5,3.59683
870,3.40176
870.5,3.74934
871,3.47493
871.5,3.78773
872,3.28578
872.5,3.91056
873,3.49781
873.5,3.44543
874,3.80121
874.5,3.37927
875,3.68949
875.5,3.43037
876,3.76671
876.5,3.51971
877,3.49722
877.5,3.73505
878,3.47074
878.5,3.77324
879,3.28803
879.5,3.86949
880,3.54073
880.5,3.38131
881,3.83209
881.5,3.48809
882,3.59216
882.5,3.48858
883,3.82689
883.5,3.37944
884,3.57268
884.5,3.80588
885,3.3444
885.5,3.7218
886,3.52948
886.5,3.65926
887,3.49842
887.5,3.61729
888,3.65163
888.5,3.47395
889,3.69927
889.5,3.46527
890,3.7363
890.5,3.47204
891,3.57414
891.5,3.73162
892,3.42986
892.5,3.64692
893,3.58993
893.5,3.64222
894,3.43765
894.5,3.7128
895,3.62069
895.5,3.40742
896,3.76891
896.5,3.51556
897,3.57923
897.5,3.58109
898,3.63558
898.5,3.55769
899,3.54115
899.5,3.68866
900,3.48286
900.5,3.6298
901,3.50811
901.5,3.60457
902,3.56068
902.5,3.50704
903,3.60837
903.5,3.54976
904,3.62968
904.5,3.61764
905,3.54952
905.5,3.6421
906,3.38577
906.5,3.62369
907,3.63687
907.5,3.5155
908,3.74642
908.5,3.62497
909,3.3726
909.5,3.58246
910,3.58748
910.5,3.58376
911,3.76638
911.5,3.66085
912,3.3725
912.5,3.5901
913,3.53235
913.5,3.55121
914,3.57178
914.5,3.55588
915,3.62373
915.5,3.22119
916,3.81544
916.5,3.70939
917,3.45215
917.5,3.87087
918,3.62872
918.5,3.57291
919,3.4406
919.5,3.48141
920,3.74853
920.5,3.2767
921,3.51439
921.5,3.39515
922,3.8582
922.5,3.45225
923,3.86134
923.5,3.61939
924,4.00533
924.5,3.14956
925,3.38888
925.5,4.09659
926,3.5176
926.5,3.61843
927,3.58254
927.5,2.9526
928,3.43092
928.5,3.82
929,3.55107
929.5,4.30163
930,2.58988
930.5,4.41521
931,3.28327
931.5,3.22387
932,4.42714
932.5,2.90988
933,4.77724
933.5,2.49683
934,4.22316
934.5,4.20921
935,2.22476
935.5,4.07478
936,4.28158
936.5,2.10956
937,4.93833
937.5,3.18564
938,4.12157
938.5,3.23851
939,3.70224
939.5,5.04009
940,0.863665
940.5,5.16132
941,4.84974
941.5,0.943506
942,4.92543
942.5,4.02887
943,-0.322617
943.5,6.76093
944,2.22443
944.5,4.2988
945,4.00416
945.5,0.947688
946,4.57808
946.5,4.07491
947,5.46011
947.5,0.833195
948,2.29535
948.5,8.62679
949,0.713565
949.5,2.66882
950,5.57464
950.5,1.93299
951,3.21394
951.5,1.11127
952,7.401
952.5,2.11951
953,1.46496
953.5,6.395
954,4.61198
954.5,-0.812478
955,5.21478
955.5,7.33223
956,-1.64738
956.5,3.71036
957,6.4913
957.5,2.57555
958,1.96772
958.5,8.98805
959,-1.38486
959.5,1.72683
960,9.82011
960.5,1.9202
961,2.84885
961.5,2.0655
962,8.83858
962.5,-1.8127
963,3.58746
963.5,7.89162
964,0.180394
964.5,6.19953
965,1.99361
965.5,5.69924
966,6.14829
966.5,-2.74664
967,9.00672
967.5,8.66286
968,-6.55094
968.5,8.14296
969,10.1766
969.5,-7.61136
970,0.709
970.5,14.8394
971,2.61466
971.5,-5.04573
972,7.28087
972.5,12.9375
973,-8.3883
973.5,8.36421
974,-1.95378
974.5,6.63274
975,-1.95248
975.5,11.3912
976,1.22861
976.5,0.306618
977,8.07257
977.5,4.56464
978,-0.162769
978.5,0.457506
979,12.1531
979.5,-1.07444
980,2.66496
980.5,5.07584
981,1.25076
981.5,-0.507008
982,4.32239
982.5,9.19306
983,-6.04369
983.5,6.07716
984,6.61347
984.5,4.34025
985,-9.25035
985.5,13.6835
986,13.0676
986.5,-7.7911
987,9.78714
987.5,9.48429
988,2.74409
988.5,-0.0163277
989,13.0726
989.5,9.13948
990,-7.96996
990.5,13.6904
991,8.88674
991.5,0.720345
992,1.74987
992.5,14.5032
993,1.39218
993.5,3.0202
994,9.62703
994.5,6.53898
995,1.54793
995.5,4.94322
996,12.2492
996.5,0.540328
997,4.59979
997.5,8.25676
998,6.42919
998.5,3.19487
999,4.96525
999.5,10.7615
1000,-0.280667
1000.5,6.89302
1001,9.38539
1001.5,2.97264
1002,4.5023
1002.5,6.77377
1003,8.58225
1003.5,-2.28565
1004,8.69502
1004.5,9.14107
1005,2.159
1005.5,4.59075
1006,11.0984
1006.5,5.84841
1007,-1.94503
1007.5,12.4158
1008,3.65442
1008.5,3.20636
1009,4.82438
1009.5,8.93795
1010,6.79352
1010.5,0.00439763
1011,12.0737
1011.5,3.27428
1012,3.45735
1012.5,7.90435
1013,4.78939
1013.5,5.91007
1014,4.13025
1014.5,6.71904
1015,7.59158
1015.5,0.573642
1016,10.5066
1016.5,3.59203
1017,6.30105
1017.5,5.11298
1018,7.82949
1018.5,4.02652
1019,4.59726
1019.5,7.32039
1020,3.83088
1020.5,5.54439
1021,5.00478
1021.5,9.45335
1022,2.69644
1022.5,8.18421
1023,4.04095
1023.5,5.94424
1024,4.74788
1024.5,5.55706
1025,7.45045
1025.5,2.20499
1026,9.51288
1026.5,2.50323
1027,7.76485
1027.5,4.83916
1028,5.41902
1028.5,6.76418
1029,2.53616
1029.5,10.2247
1030,3.65698
1030.5,4.9566
1031,6.77412
1031.5,3.97116
1032,6.93731
1032.5,3.25647
1033,9.3399
1033.5,3.64472
1034,5.3105
1034.5,7.45931
1035,3.83622
1035.5,7.50072
1036,3.56535
1036.5,8.38737
1037,2.40733
1037.5,6.49629
1038,6.98514
1038.5,5.05923
1039,4.95392
1039.5,4.4792
1040,8.33028
1040.5,3.6784
1041,6.95497
1041.5,5.08187
1042,6.24436
1042.5,3.63446
1043,7.25321
1043.5,6.63696
1044,3.26947
1044.5,6.43979
1045,5.12492
1045.5,7.22223
1046,4.39708
1046.5,6.20679
1047,5.52604
1047.5,5.29905
1048,5.58223
1048.5,4.66023
1049,6.92269
1049.5,5.78842
1050,5.21154
1050.5,6.64968
1051,5.62006
1051.5,4.37715
1052,4.25677
1052.5,6.53571
1053,8.32105
1053.5,4.18067
1054,5.83121
1054.5,4.27902
1055,6.37078
1055.5,4.69638
1056,6.87302
1056.5,5.86368
1057,4.78429
1057.5,5.64161
1058,5.73806
1058.5,7.09999
1059,3.55326
1059.5,7.08359
1060,4.42577
1060.5,6.13084
1061,5.03378
1061.5,6.30089
1062,5.57032
1062.5,5.06028
1063,7.69267
1063.5,4.78629
1064,4.68947
1064.5,4.94972
1065,6.20378
1065.5,6.34288
1066,5.30259
1066.5,5.86477
1067,5.69316
1067.5,4.65523
1068,6.88575
1068.5,6.63333
1069,4.5742
1069.5,4.91575
1070,4.74194
1070.5,6.48342
1071,5.26544
1071.5,6.60747
1072,6.58358
1072.5,5.20047
1073,5.17306
1073.5,5.43649
1074,4.81488
1074.5,6.072
1075,6.08707
1075.5,5.18748
1076,6.04244
1076.5,5.05221
1077,6.94944
1077.5,5.29887
1078,5.56465
1078.5,5.50245
1079,4.31643
1079.5,6.57295
1080,5.93856
1080.5,6.12827
1081,4.82541
1081.5,5.95044
1082,4.34509
1082.5,6.02062
1083,5.91165
1083.5,6.39447
1084,6.05116
1084.5,4.7625
1085,6.33817
1085.5,4.74551
1086,5.78275
1086.5,5.44952
1087,6.21185
1087.5,4.84084
1088,5.24475
1088.5,6.81078
1089,5.61857
1089.5,5.06471
1090,5.46296
1090.5,6.55037
1091,4.80476
1091.5,6.02665
1092,6.32688
1092.5,5.81852
1093,4.01961
1093.5,6.53602
1094,5.32078
1094.5,5.19238
1095,5.3709
1095.5,7.05288
1096,4.46744
1096.5,5.26415
1097,6.36222
1097.5,5.54255
1098,5.32724
1098.5,5.4511
1099,7.09911
1099.5,4.87382
1100,5.87962
1100.5,5.12248
1101,5.72586
1101.5,4.573
1102,5.86543
1102.5,6.60613
1103,4.38149
1103.5,7.55469
1104,4.40268
1104.5,7.14103
1105,4.32657
1105.5,5.74794
1106,6.30044
1106.5,3.88434
1107,6.77659
1107.5,4.91657
1108,6.50967
1108.5,5.75214
1109,6.0762
1109.5,5.35738
1110,4.99396
1110.5,5.97979
1111,5.42713
1111.5,5.437
1112,5.46459
1112.5,6.61868
1113,4.75722
1113.5,5.19798
1114,6.6545
1114.5,5.18251
1115,6.02543
1115.5,5.3542
1116,5.78102
1116.5,5.25905
1117,6.01115
1117.5,6.01096
1118,5.84936
1118.5,4.0428
1119,6.13989
1119.5,5.11047
1120,6.34017
1120.5,6.12101
1121,5.31706
1121.5,6.7595
1122,4.88509
1122.5,6.07852
1123,4.43048
1123.5,5.46384
1124,5.82446
1124.5,5.93448
1125,5.51131
1125.5,6.41985
1126,5.48876
1126.5,5.63906
1127,5.33552
1127.5,5.36629
1128,5.3299
1128.5,5.19288
1129,6.66376
1129.5,5.79056
1130,6.42348
1130.5,4.70732
1131,5.37572
1131.5,5.40638
1132,4.97956
1132.5,6.92866
1133,4.63426
1133.5,6.838
1134,4.72504
1134.5,6.25713
1135,5.81172
1135.5,4.8879
1136,6.34222
1136.5,4.27835
1137,5.76952
1137.5,5.42102
1138,6.40414
1138.5,6.47765
1139,5.87295
1139.5,5.44718
1140,4.57273
1140.5,5.79816
1141,5.36622
1141.5,5.98436
1142,5.4122
1142.5,5.89089
1143,5.41546
1143.5,5.63131
1144,6.02419
1144.5,5.79389
1145,5.76751
1145.5,5.33947
1146,5.57234
1146.5,5.19276
1147,6.16542
1147.5,5.36593
1148,6.10911
1148.5,5.20022
1149,5.69035
1149.5,5.71034
1150,5.4216
1150.5,5.77355
1151,5.27114
1151.5,6.11918
1152,5.18326
1152.5,5.83902
1153,5.92279
1153.5,5.70592
1154,5.45945
1154.5,5.39041
1155,5.29245
1155.5,5.72922
1156,6.19219
1156.5,5.48877
1157,5.96652
1157.5,5.31173
1158,5.84403
1158.5,5.06923
1159,5.71933
1159.5,5.88266
1160,5.18071
1160.5,5.96959
1161,5.46162
1161.5,5.98724
1162,5.81782
1162.5,5.55133
1163,5.64381
1163.5,5.31517
1164,5.69528
1164.5,5.20413
1165,5.62404
1165.5,5.70678
1166,5.85105
1166.5,6.04146
1167,5.63582
1167.5,5.29604
1168,5.55144
1168.5,5.74993
1169,5.54828
1169.5,5.72583
1170,5.53541
1170.5,5.75394
1171,5.61696
1171.5,5.60873
1172,5.55335
1172.5,5.75305
1173,5.60622
1173.5,5.45026
1174,5.92871
1174.5,5.39698
1175,5.69739
1175.5,5.77465
1176,5.4498
1176.5,5.74423
1177,5.53019
1177.5,5.7615
1178,5.42624
1178.5,5.81344
1179,5.64165
1179.5,5.46024
1180,5.87885
1180.5,5.45807
1181,5.75982
1181.5,5.55286
1182,5.69759
1182.5,5.64005
1183,5.58266
1183.5,5.72311
1184,5.53445
1184.5,5.78226
1185,5.4634
1185.5,5.76746
1186,5.64139
1186.5,5.51487
1187,5.78858
1187.5,5.55587
1188,5.67808
1188.5,5.56481
1189,5.77405
1189.5,5.52613
1190,5.62855
1190.5,5.7809
1191,5.46192
1191.5,5.76059
1192,5.58835
1192.5,5.66526
1193,5.61557
1193.5,5.64063
1194,5.68663
1194.5,5.55122
1195,5.74222
1195.5,5.54001
1196,5.71997
1196.5,5.60402
1197,5.6026
1197.5,5.73331
1198,5.54657
1198.5,5.6883
1199,5.62275
1199.5,5.6756
1200,5.57378
1200.5,5.67214
1201,5.63749
1201.5,5.48916
1202,5.75187
1202.5,5.55761
1203,5.69687
1203.5,5.57085
1204,5.68416
1204.5,5.7703
1205,5.45799
1205.5,5.73914
1206,5.39756
1206.5,5.60483
1207,5.74461
1207.5,5.51888
1208,5.94949
1208.5,5.50901
1209,5.65956
1209.5,5.39547
1210,5.66966
1210.5,5.7009
1211,5.81684
1211.5,5.79562
1212,5.28135
1212.5,5.79731
1213,5.37079
1213.5,5.69156
1214,5.6112
1214.5,5.51798
1215,5.77626
1215.5,5.10544
1216,5.99635
1216.5,5.78144
1217,5.49538
1217.5,6.09743
1218,5.79675
1218.5,5.50518
1219,5.72517
1219.5,5.03945
1220,5.95693
1220.5,5.45082
1221,5.26807
1221.5,5.49928
1222,5.71912
1222.5,5.66996
1223,6.11064
1223.5,5.56096
1224,6.21128
1224.5,5.42349
1225,5.09059
1225.5,6.09019
1226,5.9829
1226.5,5.6371
1227,5.27706
1227.5,5.00581
1228,5.3517
1228.5,5.5272
1229,5.67794
1229.5,7.29104
1230,3.93187
1230.5,6.57785
1231,5.77183
1231.5,4.88057
1232,6.97916
1232.5,4.19667
1233,7.83834
1233.5,4.05167
1234,5.98202
1234.5,6.64508
1235,4.38024
1235.5,5.3252
1236,6.73726
1236.5,4.0065
1237,7.15505
1237.5,5.3416
1238,7.26293
1238.5,5.52259
1239,4.13975
1239.5,9.44151
1240,1.91796
1240.5,6.04837
1241,9.4855
1241.5,2.3295
1242,5.17594
1242.5,8.40221
1243,-0.0921034
1243.5,8.06671
1244,5.23781
1244.5,7.38409
1245,5.37082
1245.5,3.19373
1246,6.37237
1246.5,3.54629
1247,11.3738
1247.5,3.99356
1248,-1.49503
1248.5,12.834
1249,6.08315
1249.5,2.36927
1250,7.00501
1250.5,5.39916
1251,6.5555
1251.5,-2.42661
1252,11.6695
1252.5,8.46637
1253,-1.33114
1253.5,7.32765
1254,11.8318
1254.5,-0.887369
1255,2.00092
1255.5,15.7635
1256,0.383233
1256.5,0.561125
1257,11.0141
1257.5,7.62696
1258,-1.18673
1258.5,14.4288
1259,4.68737
1259.5,-3.64463
1260,10.6835
1260.5,9.29247
1261,4.83451
1261.5,-4.82122
1262,16.8122
1262.5,2.07104
1263,-3.46087
1263.5,12.8957
1264,4.49174
1264.5,8.60103
1265,1.61432
1265.5,4.21951
1266,15.7279
1266.5,-6.08205
1267,3.86875
1267.5,24.0353
1268,2.10555
1268.5,1.18344
1269,19.0496
1269.5,-2.40902
1270,-11.6126
1270.5,9.32586
1271,7.63754
1271.5,-1.50236
1272,-6.33304
1272.5,13.9798
1273,-20.2553
1273.5,1.1361
1274,-17.2696
1274.5,-10.8144
1275,-10.0338
1275.5,-2.2689
1276,-11.457
1276.5,-10.7119
1277,-4.54946
1277.5,-3.91852
1278,-14.8572
1278.5,-12.8485
1279,0.0924029
1279.5,-11.8249
1280,-5.12078
1280.5,-6.12996
1281,-2.62426
1281.5,-8.12094
1282,-4.71147
1282.5,3.3576
1283,-11.9329
1283.5,2.13196
1284,-6.86077
1284.5,9.97838
1285,-17.7987
1285.5,-4.72679
1286,18.6803
1286.5,-6.42001
1287,2.19955
1287.5,6.83348
1288,5.77666
1288.5,-0.737141
1289,3.44445
1289.5,14.329
1290,-9.71162
1290.5,8.92264
1291,9.26889
1291.5,1.65012
1292,-3.20029
1292.5,12.3905
1293,-0.793537
1293.5,4.85371
1294,5.67819
1294.5,2.1649
1295,4.90649
1295.5,-0.704374
1296,11.7978
1296.5,-1.87411
1297,5.55165
1297.5,4.41948
1298,2.12488
1298.5,8.10196
1299,-1.19734
1299.5,8.63663
1300,0.245943
1300.5,4.58606
1301,8.13401
1301.5,-1.00875
1302,7.50291
1302.5,1.51769
1303,6.26489
1303.5,-1.43486
1304,3.87384
1304.5,8.02082
1305,1.34347
1305.5,4.33475
1306,6.66407
1306.5,7.24319
1307,-4.44088
1307.5,9.98752
1308,0.790599
1308.5,2.89702
1309,3.03524
1309.5,4.26942
1310,9.4809
1310.5,-3.85222
1311,11.1537
1311.5,0.426987
1312,2.52223
1312.5,6.90557
1313,1.05144
1313.5,5.31453
1314,3.78624
1314.5,1.82996
1315,7.82415
1315.5,-1.3269
1316,9.59819
1316.5,-0.610759
1317,7.3076
1317.5,3.3699
1318,4.91797
1318.5,2.78769
1319,3.35042
1319.5,5.28538
1320,-0.387902
1320.5,7.54463
1321,-0.411676
1321.5,10.6913
1322,0.000567767
1322.5,8.19893
1323,1.45912
1323.5,2.34474
1324,6.53255
1324.5,0.185823
1325,8.12532
1325.5,-0.718335
1326,8.99319
1326.5,-0.059637
1327,5.57379
1327.5,5.95455
1328,0.184557
1328.5,7.51719
1329,0.0348232
1329.5,8.44184
1330,2.96585
1330.5,2.07652
1331,6.84066
1331.5,-0.525455
1332,6.91027
1332.5,1.67403
1333,6.66799
1333.5,3.38909
1334,2.25749
1334.5,7.28574
1335,0.4179
1335.5,7.6045
1336,0.971587
1336.5,7.37872
1337,-0.271492
1337.5,5.2138
1338,5.94153
1338.5,3.24479
1339,3.29429
1339.5,1.62131
1340,8.55452
1340.5,0.681015
1341,6.85225
1341.5,1.96494
1342,5.56495
1342.5,1.30467
1343,4.64887
1343.5,7.62187
1344,-1.04358
1344.5,6.28477
1345,1.77194
1345.5,7.15503
1346,2.64531
1346.5,3.22105
1347,5.43586
1347.5,2.60754
1348,4.40685
1348.5,1.82255
1349,6.05451
1349.5,5.05359
1350,2.01943
1350.5,6.19067
1351,4.48774
1351.5,1.07143
1352,2.53439
1352.5,4.17954
1353,8.99168
1353.5,1.61189
1354,4.46437
1354.5,2.13596
1355,3.83107
1355.5,3.75295
1356,5.18632
1356.5,4.61632
1357,2.38891
1357.5,4.40276
1358,3.848
1358.5,6.1394
1359,1.0967
1359.5,6.24447
1360,1.77639
1360.5,4.79095
1361,3.22427
1361.5,4.72935
1362,3.92755
1362.5,2.95638
1363,7.59801
1363.5,2.35709
1364,2.90457
1364.5,2.58455
1365,4.47318
1365.5,5.0057
1366,4.26203
1366.5,3.77402
1367,3.73756
1367.5,3.18938
1368,5.18702
1368.5,5.72763
1369,2.46702
1369.5,3.26144
1370,1.55617
1370.5,5.40963
1371,4.09469
1371.5,4.64147
1372,5.68409
1372.5,4.00555
1373,2.85254
1373.5,3.38859
1374,2.87246
1374.5,4.25249
1375,5.16867
1375.5,2.69306
1376,5.02742
1376.5,2.98942
1377,5.4645
1377.5,4.14111
1378,3.52133
1378.5,3.95389
1379,1.6085
1379.5,5.50995
1380,4.573
1380.5,4.28113
1381,3.4973
1381.5,4.21252
1382,1.78097
1382.5,4.32597
1383,4.55356
1383.5,5.16899
1384,4.65777
1384.5,2.86409
1385,4.91138
1385.5,2.58337
1386,4.35043
1386.5,3.28327
1387,5.00608
1387.5,2.96892
1388,3.32644
1388.5,5.41231
1389,3.94273
1389.5,3.75561
1390,2.82776
1390.5,5.35588
1391,3.43825
1391.5,4.5268
1392,4.05408
1392.5,5.32851
1393,1.8065
1393.5,3.74856
1394,4.50409
1394.5,3.91033
1395,2.67251
1395.5,5.8017
1396,3.4041
1396.5,2.4613
1397,5.31595
1397.5,3.82157
1398,3.6812
1398.5,3.38411
1399,6.42656
1399.5,2.55809
1400,4.63218
1400.5,3.37732
1401,3.4849
1401.5,2.94417
1402,3.92864
1402.5,5.26863
1403,1.8989
1403.5,7.56118
1404,1.6162
1404.5,6.30338
1405,2.79657
1405.5,3.06842
1406,5.50803
1406.5,1.24059
1407,5.68576
1407.5,2.83914
1408,5.12796
1408.5,4.4573
1409,4.56755
1409.5,3.74221
1410,2.87849
1410.5,4.46854
1411,3.4698
1411.5,3.99071
1412,3.39098
1412.5,5.84657
1413,2.55879
1413.5,3.07147
1414,5.90791
1414.5,2.73907
1415,5.14477
1415.5,3.21454
1416,4.46439
1416.5,3.04465
1417,4.57329
1417.5,4.73607
1418,4.16903
1418.5,1.62423
1419,4.30633
1419.5,3.63851
1420,4.22229
1420.5,5.32817
1421,3.8361
1421.5,4.87934
1422,3.62804
1422.5,4.45759
1423,2.21283
1423.5,3.4744
1424,4.21299
1424.5,4.89077
1425,3.23119
1425.5,5.60137
1426,4.04347
1426.5,3.43318
1427,4.14292
1427.5,2.90354
1428,4.22521
1428.5,2.4416
1429,5.85326
1429.5,4.6969
1430,4.13749
1430.5,4.02442
1431,2.47127
1431.5,4.11821
1432,2.65392
1432.5,6.18237
1433,2.78035
1433.5,4.73034
1434,4.19276
1434.5,3.4304
1435,5.02888
1435.5,2.78549
1436,4.77255
1436.5,2.46225
1437,3.18405
1437.5,4.56618
1438,4.34639
1438.5,5.33756
1439,4.8699
1439.5,3.35358
1440,2.66458
1440.5,3.70352
1441,3.99255
1441.5,4.138
1442,3.55738
1442.5,4.81955
1443,3.18366
1443.5,3.99384
1444,4.678
1444.5,4.26776
1445,4.18975
1445.5,3.27391
1446,4.28487
1446.5,2.87179
1447,4.85456
1447.5,3.6692
1448,4.71282
1448.5,3.38164
1449,3.90829
1449.5,4.41308
1450,3.46129
1450.5,3.98368
1451,3.71541
1451.5,4.61572
1452,3.1465
1452.5,4.48982
1453,4.21833
1453.5,4.23303
1454,3.74905
1454.5,3.71916
1455,3.11425
1455.5,3.90737
1456,5.36148
1456.5,3.11809
1457,5.07343
1457.5,3.11129
1458,4.34339
1458.5,3.4337
1459,3.48473
1459.5,5.0031
1460,2.78586
1460.5,4.68749
1461,3.55131
1461.5,4.70227
1462,4.24845
1462.5,3.43606
1463,4.80729
1463.5,2.74038
1464,4.34175
1464.5,3.42933
1465,3.69252
1465.5,4.38917
1466,3.76565
1466.5,5.3157
1467,3.36175
1467.5,3.96256
1468,3.59562
1468.5,3.93831
1469,4.24028
1469.5,3.62026
1470,4.36304
1470.5,3.64799
1471,4.11448
1471.5,4.0198
1472,3.75443
1472.5,4.18409
1473,3.82842
1473.5,4.06345
1474,3.88462
1474.5,4.02562
1475,3.9627
1475.5,3.90494
1476,4.04226
1476.5,3.86158
1477,4.03837
1477.5,3.91495
1478,3.96086
1478.5,4.0283
1479,3.90819
1479.5,3.92127
1480,4.03842
1480.5,3.98628
1481,3.80979
1481.5,4.11809
1482,3.96515
1482.5,3.83701
1483,4.06726
1483.5,3.99474
1484,3.87944
1484.5,3.96991
1485,4.06605
1485.5,3.86161
1486,3.9649
1486.5,4.04576
1487,3.88508
1487.5,3.99426
1488,3.95345
1488.5,3.98641
1489,3.94963
1489.5,3.95084
1490,3.99167
1490.5,3.96546
1491,3.94803
1491.5,3.94618
1492,4.03512
1492.5,3.90253
1493,3.94368
1493.5,4.05157
1494,3.90119
1494.5,3.94356
1495,4.02173
1495.5,3.96146
1496,3.89637
1496.5,4.03153
1497,3.97213
1497.5,3.90029
1498,4.01519
1498.5,3.96527
1499,3.94279
1499.5,3.96416
1500,3.98405
1500.5,3.94423
1501,3.92582
1501.5,3.94188
1502,3.96904
1502.5,3.91972
1503,4.00142
1503.5,3.93386
1504,4.06209
1504.5,3.97385
1505,3.86496
1505.5,4.06165
1506,3.64496
1506.5,3.97598
1507,4.23209
1507.5,3.74823
1508,4.17673
1508.5,4.04383
1509,3.73552
1509.5,3.86207
1510,3.95741
1510.5,4.10115
1511,4.15351
1511.5,3.90041
1512,3.79225
1512.5,4.02316
1513,3.68054
1513.5,4.09011
1514,3.87207
1514.5,3.92195
1515,4.06743
1515.5,3.38023
1516,4.55719
1516.5,3.93987
1517,3.7805
1517.5,4.76788
1518,3.82918
1518.5,3.60862
1519,4.08065
1519.5,3.82726
1520,3.87123
1520.5,3.62597
1521,3.97724
1521.5,3.72936
1522,4.19662
1522.5,3.87431
1523,4.43661
1523.5,4.00908
1524,4.64879
1524.5,2.95009
1525,3.94817
1525.5,4.83384
1526,3.61549
1526.5,4.13692
1527,4.24501
1527.5,2.43166
1528,4.23556
1528.5,4.4487
1529,3.94494
1529.5,4.76456
1530,2.72859
1530.5,5.5498
1531,2.43283
1531.5,4.44346
1532,4.97743
1532.5,2.82072
1533,5.78529
1533.5,2.38765
1534,5.25174
1534.5,4.09851
1535,2.38615
1535.5,5.16665
1536,4.59692
1536.5,1.45875
1537,6.65494
1537.5,2.11071
1538,3.86816
1538.5,4.59011
1539,4.16667
1539.5,4.20375
1540,0.789962
1540.5,7.87848
1541,2.5245
1541.5,1.15489
1542,9.05558
1542.5,0.0407648
1543,0.24781
1543.5,11.2396
1544,-1.43449
1544.5,5.69522
1545,5.50804
1545.5,-1.85474
1546,7.6917
1546.5,6.13115
1547,2.49402
1547.5,0.133302
1548,6.60476
1548.5,10.5328
1549,-5.28292
1549.5,6.20644
1550,8.44229
1550.5,-2.92399
1551,4.69003
1551.5,4.30713
1552,7.05955
1552.5,-2.84854
1553,8.03117
1553.5,8.11998
1554,-0.433184
1554.5,1.24943
1555,11.4657
1555.5,2.12862
1556,-4.26915
1556.5,11.4907
1557,3.40425
1557.5,0.579331
1558,7.46527
1558.5,7.13734
1559,-7.69733
1559.5,11.4101
1560,14.2566
1560.5,-6.25015
1561,8.28381
1561.5,5.30881
1562,3.13984
1562.5,-3.26883
1563,11.0113
1563.5,5.43439
1564,-6.7443
1564.5,11.3056
1565,4.40463
1565.5,4.08321
1566,2.80698
1566.5,1.63523
1567,13.1455
1567.5,0.0364958
1568,-2.20679
1568.5,19.3903
1569,-3.92913
1569.5,-18.5158
1570,5.21587
1570.5,-2.42356
1571,-7.72737
1571.5,-5.93954
1572,2.22362
1572.5,5.61428
1573,-28.4524
1573.5,-10.9915
1574,-22.6081
1574.5,-12.3328
1575,-12.8253
1575.5,-8.18583
1576,-28.2717
1576.5,-6.73956
1577,-14.3314
1577.5,-17.028
1578,-21.2897
1578.5,-7.49462
1579,-11.932
1579.5,-28.7577
1580,-2.15131
1580.5,-13.0483
1581,-14.5329
1581.5,-9.99337
1582,-2.61228
1582.5,-15.7708
1583,-14.9923
1583.5,4.39663
1584,-15.4604
1584.5,-3.83464
1585,-18.2739
1585.5,4.80828
1586,-0.960035
1586.5,-8.36831
1587,7.74723
1587.5,-5.72739
1588,-1.55951
1588.5,0.297432
1589,2.95391
1589.5,-3.17744
1590,-8.16859
1590.5,10.9109
1591,-5.66912
1591.5,-1.64415
1592,0.816454
1592.5,4.2024
1593,-9.55628
1593.5,7.63633
1594,-0.7621
1594.5,-4.95535
1595,1.46083
1595.5,1.11422
1596,-0.709847
1596.5,-5.00712
1597,6.21506
1597.5,-5.9029
1598,-0.742217
1598.5,4.1518
1599,-5.03531
1599.5,1.46209
1600,-3.9328
1600.5,6.02318
1601,-4.55266
1601.5,-2.26661
1602,5.05263
1602.5,-4.29943
1603,0.147463
1603.5,-7.02336
1604,6.85424
1604.5,-3.44295
1605,-2.82467
1605.5,3.55931
1606,2.69084
1606.5,-4.5134
1607,-3.13341
1607.5,8.0352
1608,-11.2937
1608.5,3.27274
1609,-1.03034
1609.5,-0.142765
1610,1.44844
1610.5,-3.11109
1611,4.74466
1611.5,-7.12036
1612,3.4553
1612.5,-0.299904
1613,-5.12083
1613.5,4.45528
1614,-2.29572
1614.5,-1.51525
1615,1.19406
1615.5,-3.14125
1616,3.47135
1616.5,-5.59245
1617,4.68432
1617.5,-2.57897
1618,1.3845
1618.5,-3.29154
1619,2.22988
1619.5,-2.6304
1620,-3.12984
1620.5,2.50358
1621,-3.3023
1621.5,4.33005
1622,-3.83705
1622.5,5.34921
1623,-7.18408
1623.5,2.00531
1624,-0.211041
1624.5,-3.29798
1625,2.48447
1625.5,-4.01713
1626,4.81978
1626.5,-7.1716
1627,4.84996
1627.5,-1.56385
1628,-2.93068
1628.5,1.80329
1629,-3.50143
1629.5,5.13961
1630,-4.85491
1630.5,0.40646
1631,1.05184
1631.5,-4.6101
1632,2.00218
1632.5,-2.69082
1633,3.74419
1633.5,-4.50057
1634,1.59741
1634.5,-0.0429141
1635,-2.53896
1635.5,1.91815
1636,-2.69824
1636.5,2.05978
1637,-5.52106
1637.5,3.04792
1638,-1.38278
1638.5,0.638368
1639,-2.92143
1639.5,-1.68525
1640,3.36451
1640.5,-3.64418
1641,2.50358
1641.5,-3.48611
1642,2.3338
1642.5,-4.78975
1643,2.80076
1643.5,0.476005
1644,-4.14452
1644.5,1.25969
1645,-2.39526
1645.5,3.0117
1646,-2.94016
1646.5,-0.296898
1647,0.313419
1647.5,-1.37672
1648,-0.762377
1648.5,-2.28055
1649,2.52251
1649.5,-0.647363
1650,-2.52938
1650.5,3.18008
1651,-1.92159
1651.5,-2.96674
1652,-2.00423
1652.5,1.91595
1653,2.55754
1653.5,-3.22494
1654,0.961811
1654.5,-3.40948
1655,0.0567721
1655.5,-0.883461
1656,1.47398
1656.5,-1.19117
1657,-1.1071
1657.5,-0.543045
1658,-0.0439932
1658.5,0.783916
1659,-2.72552
1659.5,1.10543
1660,-2.76761
1660.5,1.00344
1661,-1.94279
1661.5,0.798649
1662,-1.51209
1662.5,0.11948
1663,1.68008
1663.5,-2.36955
1664,-1.06391
1664.5,-1.98143
1665,-0.036735
1665.5,0.846568
1666,-0.501408
1666.5,-1.28189
1667,-0.340108
1667.5,-1.21492
1668,1.29181
1668.5,0.0330697
1669,-1.36598
1669.5,-1.85644
1670,-2.68918
1670.5,1.42633
1671,-0.826427
1671.5,0.983421
1672,0.304891
1672.5,-0.534954
1673,-1.48388
1673.5,-1.67643
1674,-1.25276
1674.5,0.549568
1675,-0.649939
1675.5,-1.17993
1676,0.979881
1676.5,-2.02838
1677,1.19046
1677.5,-0.561779
1678,-0.40667
1678.5,-1.8771
1679,-1.97257
1679.5,1.78872
1680,-0.947951
1680.5,-0.00579511
1681,-0.916112
1681.5,-0.730219
1682,-2.68537
1682.5,0.820181
1683,-0.336348
1683.5,0.703306
1684,-0.481939
1684.5,-0.79627
1685,-0.477482
1685.5,-2.06416
1686,0.431255
1686.5,-0.754258
1687,-0.387787
1687.5,-2.17885
1688,0.570607
1688.5,-0.109493
1689,-0.552769
1689.5,-0.801301
1690,-0.914961
1690.5,-0.172657
1691,-1.49129
1691.5,1.43631
1692,-0.782957
1692.5,-0.631013
1693,-1.95837
1693.5,0.805079
1694,-2.80931
1694.5,-0.187747
1695,0.479297
1695.5,-0.170414
1696,-2.5344
1696.5,0.810561
1697,-0.793154
1697.5,-0.993107
1698,-0.0781311
1698.5,-0.0981336
1699,0.0496319
1699.5,-0.870322
1700,0.399108
1700.5,-2.81908
1701,0.0398752
1701.5,-1.75225
1702,0.00514104
1702.5,-0.236961
1703,-1.20912
1703.5,2.38313
1704,-3.60866
1704.5,2.2893
1705,-2.52752
1705.5,0.267652
1706,-1.011
1706.5,-1.91287
1707,1.15778
1707.5,-2.77292
1708,1.68441
1708.5,-0.185779
1709,-0.345994
1709.5,-1.92927
1710,0.298435
1710.5,-0.807744
1711,-2.14074
1711.5,0.317969
1712,-0.655618
1712.5,0.452734
1713,-2.35147
1713.5,0.338884
1714,-0.344349
1714.5,-1.15414
1715,1.09584
1715.5,-1.78093
1716,-0.526699
1716.5,-0.715192
1717,0.658941
1717.5,-0.814933
1718,-0.611465
1718.5,-1.79128
1719,-0.878562
1719.5,-1.27694
1720,1.22241
1720.5,0.0447364
1721,-1.18722
1721.5,0.728849
1722,-0.125906
1722.5,-1.60891
1723,-1.99274
1723.5,-0.0415872
1724,-0.922149
1724.5,-0.113477
1725,-0.711575
1725.5,1.85097
1726,-2.69699
1726.5,0.446429
1727,-0.555387
1727.5,-2.09292
1728,-0.599746
1728.5,-1.03417
1729,1.41838
1729.5,-1.16475
1730,1.11069
1730.5,-1.64305
1731,-1.83417
1731.5,-0.507562
1732,-1.11453
1732.5,1.27729
1733,-2.47198
1733.5,1.72479
1734,-1.78655
1734.5,-0.273753
1735,0.158313
1735.5,-1.26726
1736,-0.386869
1736.5,-2.38319
1737,0.174916
1737.5,-1.02904
1738,0.275902
1738.5,1.36789
1739,-0.150169
1739.5,-1.94924
1740,-1.20108
1740.5,-0.537052
1741,-1.08536
1741.5,0.105372
1742,-0.867049
1742.5,-0.0818774
1743,-1.59562
1743.5,0.347823
1744,-0.326871
1744.5,-0.412088
1745,-0.25955
1745.5,-0.871673
1746,-0.925995
1746.5,-1.11231
1747,0.288417
1747.5,-0.736534
1748,-0.312822
1748.5,-0.891831
1749,-0.201157
1749.5,-0.918205
1750,-0.432697
1750.5,-0.618098
1751,-0.743316
1751.5,-0.360512
1752,-0.660681
1752.5,-0.23641
1753,-0.547973
1753.5,0.183596
1754,-1.15226
1754.5,-0.856426
1755,-1.4781
1755.5,0.420497
1756,-0.169595
1756.5,-0.962605
1757,0.480114
1757.5,-1.56447
1758,0.0395174
1758.5,-1.65938
1759,-0.086464
1759.5,-0.356185
1760,-1.42638
1760.5,0.472839
1761,-1.234
1761.5,0.254379
1762,-0.362765
1762.5,-0.603785
1763,-0.460077
1763.5,-1.5255
1764,0.387765
1764.5,-1.85965
1765,-0.338194
1765.5,-0.187864
1766,-0.478078
1766.5,0.321467
1767,-0.940684
1767.5,-0.809809
1768,-0.997908
1768.5,-0.227164
1769,-0.434102
1769.5,-0.929373
1770,-0.276187
1770.5,-0.61404
1771,-0.572643
1771.5,-0.632967
1772,-0.447163
1772.5,-0.633702
1773,-0.474662
1773.5,-0.720575
1774,-0.471183
1774.5,-0.457792
1775,-0.762761
1775.5,-0.35013
1776,-0.618197
1776.5,-0.567825
1777,-0.628272
1777.5,-0.352126
1778,-0.655025
1778.5,-0.655846
1779,-0.267234
1779.5,-0.800585
1780,-0.433527
1780.5,-0.560935
1781,-0.520106
1781.5,-0.59326
1782,-0.528029
1782.5,-0.455703
1783,-0.689998
1783.5,-0.382667
1784,-0.665742
1784.5,-0.467953
1785,-0.543715
1785.5,-0.63603
1786,-0.397859
1786.5,-0.660773
1787,-0.495732
1787.5,-0.566522
1788,-0.469558
1788.5,-0.649027
1789,-0.504114
1789.5,-0.435229
1790,-0.735386
1790.5,-0.395633
1791,-0.566675
1791.5,-0.583966
1792,-0.529812
1792.5,-0.507799
1793,-0.557201
1793.5,-0.60956
1794,-0.414384
1794.5,-0.660564
1795,-0.482855
1795.5,-0.542202
1796,-0.579929
1796.5,-0.480844
1797,-0.608637
1797.5,-0.491707
1798,-0.569323
1798.5,-0.514493
1799,-0.59236
1799.5,-0.494373
1800,-0.530853
1800.5,-0.662322
1801,-0.432065
1801.5,-0.582255
1802,-0.616145
1802.5,-0.449591
1803,-0.608156
1803.5,-0.514835
1804,-0.451308
1804.5,-0.47635
1805,-0.726732
1805.5,-0.368989
1806,-0.904799
1806.5,-0.620408
1807,-0.132709
1807.5,-0.777477
1808,-0.306339
1808.5,-0.444362
1809,-0.760234
1809.5,-0.876987
1810,-0.27612
1810.5,-0.54777
1811,-0.324323
1811.5,-0.493698
1812,-0.78834
1812.5,-0.43441
1813,-0.886201
1813.5,-0.459006
1814,-0.66124
1814.5,-0.55283
1815,-0.457129
1815.5,-1.17722
1816,0.116279
1816.5,-0.544751
1817,-0.768945
1817.5,0.334605
1818,-0.737903
1818.5,-0.653805
1819,-0.563334
1819.5,-0.859049
1820,-0.342186
1820.5,-1.00919
1821,-0.818342
1821.5,-0.559012
1822,-0.195444
1822.5,-0.918758
1823,0.262605
1823.5,-0.61333
1824,0.432874
1824.5,-1.91188
1825,-0.501544
1825.5,0.692986
1826,-1.27833
1826.5,-0.167917
1827,-0.181531
1827.5,-2.23308
1828,-0.47673
1828.5,-0.0025057
1829,-0.146756
1829.5,-0.0610211
1830,-1.73371
1830.5,1.30616
1831,-2.35357
1831.5,-0.0769792
1832,0.714445
1832.5,-1.7525
1833,1.48811
1833.5,-2.17568
1834,0.777155
1834.5,-0.15574
1835,-2.38943
1835.5,0.446777
1836,0.637922
1836.5,-3.63459
1837,2.66675
1837.5,-2.43327
1838,-0.531996
1838.5,-0.163892
1839,-0.175175
1839.5,0.436536
1840,-5.07568
1840.5,4.27426
1841,-1.36866
1841.5,-5.05226
1842,5.65106
1842.5,-4.11104
1843,-6.67887
1843.5,8.54358
1844,-6.06592
1844.5,0.491958
1845,1.65805
1845.5,-6.95844
1846,2.3344
1846.5,2.78645
1847,-0.595987
1847.5,-7.06555
1848,1.96373
1848.5,9.21753
1849,-11.2092
1849.5,0.491759
1850,6.17505
1850.5,-7.79566
1851,-1.30027
1851.5,0.612705
1852,4.84728
1852.5,-9.255
1853,3.32499
1853.5,6.46905
1854,-5.31495
1854.5,-5.72471
1855,9.66961
1855.5,-0.342183
1856,-13.1241
1856.5,8.04941
1857,1.16136
1857.5,-6.71313
1858,3.26895
1858.5,8.03945
1859,-15.1256
1859.5,1.46543
1860,17.5485
1860.5,-6.13546
1861,3.06106
1861.5,5.01163
1862,2.14434
1862.5,-5.84812
1863,8.2088
1863.5,6.90423
1864,-8.79475
1864.5,9.16727
1865,4.3502
1865.5,0.982904
1866,5.33902
1866.5,-2.9865
1867,11.3441
1867.5,7.35818
1868,-2.03089
1868.5,21.0318
1869,-0.758596
1869.5,-22.6852
1870,0.0904997
1870.5,-1.22556
1871,-8.67509
1871.5,-8.82008
1872,-2.21909
1872.5,18.0027
1873,-37.3685
1873.5,-24.2386
1874,-34.6052
1874.5,-27.9763
1875,-22.8905
1875.5,-17.2853
1876,-41.9353
1876.5,-18.4738
1877,-29.1756
1877.5,-26.1626
1878,-38.2288
1878.5,-19.529
1879,-23.8182
1879.5,-40.9538
1880,-15.8412
1880.5,-28.6608
1881,-33.3282
1881.5,-31.038
1882,-18.9713
1882.5,-35.8298
1883,-38.7346
1883.5,-10.5846
1884,-31.8783
1884.5,-12.1282
1885,-34.5635
1885.5,-8.54434
1886,-4.0149
1886.5,-15.8309
1887,-0.0156418
1887.5,-9.76499
1888,-7.74186
1888.5,-6.51151
1889,-2.63963
1889.5,-7.65407
1890,-18.0918
1890.5,4.97476
1891,-9.33306
1891.5,-10.5638
1892,-6.6343
1892.5,0.944065
1893,-18.6908
1893.5,1.9313
1894,-6.25987
1894.5,-11.2827
1895,-6.784
1895.5,-3.74512
1896,-6.20455
1896.5,-13.458
1897,0.912824
1897.5,-12.544
1898,-6.94284
1898.5,-3.00214
1899,-10.5907
1899.5,-5.68476
1900,-10.6524
1900.5,0.137935
1901,-11.2809
1901.5,-7.75975
1902,-3.35651
1902.5,-9.04786
1903,-6.64973
1903.5,-15.0912
1904,1.30153
1904.5,-9.98863
1905,-8.04449
1905.5,-5.53597
1906,-0.258342
1906.5,-11.8891
1907,-12.43
1907.5,5.50604
1908,-20.7398
1908.5,-7.50951
1909,-14.9169
1909.5,-8.22337
1910,-8.85703
1910.5,-15.9915
1911,-2.13282
1911.5,-18.5746
1912,-7.63144
1912.5,-9.85863
1913,-14.9666
1913.5,-6.33803
1914,-12.7995
1914.5,-11.3963
1915,-8.08655
1915.5,-14.9812
1916,-5.78972
1916.5,-15.9126
1917,-4.67698
1917.5,-14.2777
1918,-7.33356
1918.5,-13.2782
1919,-9.63245
1919.5,-12.0903
1920,-12.9068
1920.5,-8.03757
1921,-15.1867
1921.5,-2.45026
1922,-15.7684
1922.5,-4.95077
1923,-16.5181
1923.5,-8.51244
1924,-10.8053
1924.5,-14.0232
1925,-6.08369
1925.5,-15.4129
1926,-5.14374
1926.5,-17.4446
1927,-4.39267
1927.5,-12.6074
1928,-13.5551
1928.5,-7.30129
1929,-14.3431
1929.5,-5.33222
1930,-14.0978
1930.5,-9.81856
1931,-10.403
1931.5,-13.9804
1932,-7.91768
1932.5,-13.9347
1933,-5.49256
1933.5,-14.8352
1934,-8.42943
1934.5,-10.979
1935,-11.8777
1935.5,-8.17146
1936,-14.0259
1936.5,-6.31272
1937,-17.81
1937.5,-5.67208
1938,-12.4268
1938.5,-8.76521
1939,-13.3077
1939.5,-13.4816
1940,-4.41841
1940.5,-15.4922
1941,-6.79015
1941.5,-14.5167
1942,-6.82573
1942.5,-15.7185
1943,-8.3813
1943.5,-7.32986
1944,-16.0181
1944.5,-9.16823
1945,-12.1755
1945.5,-6.37097
1946,-13.8219
1946.5,-10.9221
1947,-8.83059
1947.5,-11.9154
1948,-11.7048
1948.5,-12.0648
1949,-7.33116
1949.5,-10.9217
1950,-13.0925
1950.5,-6.3078
1951,-11.7612
1951.5,-14.6892
1952,-12.0362
1952.5,-7.43525
1953,-7.66614
1953.5,-13.6632
1954,-8.62138
1954.5,-14.1308
1955,-10.7054
1955.5,-10.8762
1956,-7.48141
1956.5,-12.7684
1957,-10.9119
1957.5,-10.139
1958,-11.0622
1958.5,-8.61709
1959,-13.6499
1959.5,-7.92183
1960,-14.3961
1960.5,-8.88956
1961,-11.3645
1961.5,-10.2042
1962,-11.5305
1962.5,-9.97383
1963,-7.82655
1963.5,-13.105
1964,-11.7452
1964.5,-11.4704
1965,-11.0825
1965.5,-8.96554
1966,-9.82834
1966.5,-12.4422
1967,-10.1074
1967.5,-11.7977
1968,-8.22242
1968.5,-10.2609
1969,-11.8871
1969.5,-11.4843
1970,-14.3411
1970.5,-7.94243
1971,-10.859
1971.5,-9.36101
1972,-9.50955
1972.5,-10.7363
1973,-11.3896
1973.5,-12.6571
1974,-11.5444
1974.5,-9.00035
1975,-10.9732
1975.5,-11.9759
1976,-8.34668
1976.5,-12.5898
1977,-8.85902
1977.5,-10.7091
1978,-10.303
1978.5,-12.4228
1979,-13.002
1979.5,-7.27584
1980,-11.4189
1980.5,-10.327
1981,-10.9262
1981.5,-10.7391
1982,-13.682
1982.5,-9.3087
1983,-9.71245
1983.5,-9.65836
1984,-10.8209
1984.5,-10.7722
1985,-10.4047
1985.5,-12.9349
1986,-9.71919
1986.5,-10.281
1987,-10.9769
1987.5,-12.9492
1988,-8.96567
1988.5,-10.1879
1989,-11.1826
1989.5,-10.9357
1990,-10.5156
1990.5,-10.9985
1991,-11.8003
1991.5,-8.08296
1992,-11.0499
1992.5,-11.1864
1993,-12.323
1993.5,-8.49501
1994,-14.1552
1994.5,-10.52
1995,-8.76415
1995.5,-10.4421
1996,-13.7828
1996.5,-8.60143
1997,-10.3018
1997.5,-12.6054
1998,-9.92657
1998.5,-9.30156
1999,-10.6285
1999.5,-11.8347
2000,-8.33003
2000.5,-13.3761
2001,-11.3636
2001.5,-11.41
2002,-9.56725
2002.5,-11.0733
2003,-11.887
2003.5,-6.10393
2004,-14.7164
2004.5,-8.12451
2005,-12.406
2005.5,-9.59529
2006,-11.796
2006.5,-12.4679
2007,-8.00151
2007.5,-13.6903
2008,-8.74528
2008.5,-9.5713
2009,-10.2334
2009.5,-13.169
2010,-9.64097
2010.5,-10.3275
2011,-13.1265
2011.5,-10.041
2012,-10.4266
2012.5,-9.27451
2013,-13.6637
2013.5,-9.44037
2014,-9.67701
2014.5,-12.4855
2015,-8.58466
2015.5,-11.5944
2016,-11.0216
2016.5,-11.5221
2017,-8.81792
2017.5,-10.5941
2018,-11.6251
2018.5,-12.1348
2019,-10.2337
2019.5,-12.6616
2020,-8.43572
2020.5,-9.68717
2021,-11.5119
2021.5,-9.56922
2022,-10.1717
2022.5,-11.2234
2023,-13.6019
2023.5,-9.76335
2024,-10.8863
2024.5,-10.3642
2025,-11.3113
2025.5,-7.70859
2026,-12.4262
2026.5,-11.0811
2027,-9.72273
2027.5,-12.528
2028,-11.2584
2028.5,-11.393
2029,-8.04786
2029.5,-11.1208
2030,-9.9587
2030.5,-10.601
2031,-12.9319
2031.5,-10.9679
2032,-11.0649
2032.5,-8.79146
2033,-12.6519
2033.5,-8.74501
2034,-11.2999
2034.5,-10.8159
2035,-10.2301
2035.5,-11.0874
2036,-10.6709
2036.5,-12.9684
2037,-10.2501
2037.5,-10.6269
2038,-10.1227
2038.5,-8.82103
2039,-9.47112
2039.5,-12.697
2040,-11.8878
2040.5,-10.4426
2041,-11.1573
2041.5,-10.4928
2042,-10.9415
2042.5,-9.75664
2043,-12.3932
2043.5,-9.78812
2044,-9.92518
2044.5,-10.7073
2045,-10.8146
2045.5,-10.4901
2046,-11.3903
2046.5,-11.8679
2047,-9.45714
2047.5,-10.8941
2048,-10.3173
2048.5,-11.7675
2049,-9.63653
2049.5,-11.4606
2050,-10.8838
2050.5,-10.3904
2051,-11.2232
2051.5,-10.1741
2052,-11.4721
2052.5,-9.56964
2053,-11.2668
2053.5,-10.0376
2054,-10.8669
2054.5,-11.6455
2055,-11.5013
2055.5,-10.3576
2056,-9.21378
2056.5,-11.9339
2057,-9.64631
2057.5,-11.0896
2058,-10.9724
2058.5,-11.3895
2059,-10.7765
2059.5,-9.84642
2060,-12.304
2060.5,-9.60639
2061,-10.8695
2061.5,-10.5708
2062,-9.87806
2062.5,-11.1374
2063,-10.374
2063.5,-12.1094
2064,-9.82702
2064.5,-11.6578
2065,-11.3952
2065.5,-9.74969
2066,-10.5933
2066.5,-9.9964
2067,-11.0262
2067.5,-10.8645
2068,-11.3327
2068.5,-10.5665
2069,-10.3235
2069.5,-11.1311
2070,-10.6428
2070.5,-10.7205
2071,-10.5451
2071.5,-11.0331
2072,-10.5938
2072.5,-10.6428
2073,-10.8878
2073.5,-10.7225
2074,-10.8545
2074.5,-10.4589
2075,-11.0962
2075.5,-10.636
2076,-10.6048
2076.5,-10.9391
2077,-10.6701
2077.5,-10.7323
2078,-10.589
2078.5,-11.0978
2079,-10.436
2079.5,-10.7423
2080,-10.9934
2080.5,-10.5016
2081,-10.8221
2081.5,-10.7179
2082,-10.8676
2082.5,-10.5448
2083,-10.8632
2083.5,-10.7827
2084,-10.6163
2084.5,-10.8712
2085,-10.5942
2085.5,-10.9418
2086,-10.5522
2086.5,-10.795
2087,-10.8468
2087.5,-10.606
2088,-10.801
2088.5,-10.7153
2089,-10.8716
2089.5,-10.5064
2090,-10.9175
2090.5,-10.7847
2091,-10.5271
2091.5,-10.9386
2092,-10.6768
2092.5,-10.7459
2093,-10.6773
2093.5,-10.8667
2094,-10.6759
2094.5,-10.6761
2095,-10.8892
2095.5,-10.6168
2096,-10.8198
2096.5,-10.6811
2097,-10.7963
2097.5,-10.7388
2098,-10.6759
2098.5,-10.8253
2099,-10.6981
2099.5,-10.7655
2100,-10.6722
